Brand,Model,Color,Rating,Selling Price,Original Price,Memory_GB,Storage_GB,discount_percentage,price_gap,price_per_GB_RAM,price_per_GB_storage,premium_flag,budget_flag
OPPO,A53,Moonlight Black,4.5,11990,15990,4.0,64.0,25.02,4000,2997.5,187.34,0,0
OPPO,A53,Mint Cream,4.5,11990,15990,4.0,64.0,25.02,4000,2997.5,187.34,0,0
OPPO,A53,Moonlight Black,4.3,13990,17990,6.0,128.0,22.23,4000,2331.67,109.3,0,0
OPPO,A53,Mint Cream,4.3,13990,17990,6.0,128.0,22.23,4000,2331.67,109.3,0,0
OPPO,A53,Electric Black,4.5,11990,15990,4.0,64.0,25.02,4000,2997.5,187.34,0,0
OPPO,A53,Electric Black,4.3,13990,17990,6.0,128.0,22.23,4000,2331.67,109.3,0,0
OPPO,A12,Deep Blue,4.4,10490,11990,4.0,64.0,12.51,1500,2622.5,163.91,0,0
OPPO,A12,Black,4.4,9490,10990,3.0,32.0,13.65,1500,3163.33,296.56,0,1
OPPO,A12,Blue,4.4,9490,10990,3.0,32.0,13.65,1500,3163.33,296.56,0,1
OPPO,A12,Flowing Silver,4.4,9490,10990,3.0,32.0,13.65,1500,3163.33,296.56,0,1
OPPO,A12,Deep Blue,4.4,9490,10990,3.0,32.0,13.65,1500,3163.33,296.56,0,1
OPPO,A12,Flowing Silver,4.4,10490,11990,4.0,64.0,12.51,1500,2622.5,163.91,0,0
OPPO,A53s 5G,Crystal Blue,4.3,15990,16990,6.0,128.0,5.89,1000,2665.0,124.92,0,0
OPPO,A53s 5G,Ink Black,4.3,15990,16990,6.0,128.0,5.89,1000,2665.0,124.92,0,0
OPPO,A12,Blue,4.4,10490,11990,4.0,64.0,12.51,1500,2622.5,163.91,0,0
OPPO,A53s 5G,Crystal Blue,4.3,17990,18990,8.0,128.0,5.27,1000,2248.75,140.55,0,0
OPPO,A53s 5G,Ink Black,4.3,17990,18990,8.0,128.0,5.27,1000,2248.75,140.55,0,0
OPPO,A33,Moonlight Black,4.3,10490,12990,3.0,32.0,19.25,2500,3496.67,327.81,0,0
OPPO,A31,Lake Green,4.3,11960,12990,4.0,64.0,7.93,1030,2990.0,186.88,0,0
OPPO,A31,Mystery Black,4.3,11779,11919,4.0,64.0,1.17,140,2944.75,184.05,0,0
OPPO,A74 5G,Fantastic Purple,4.3,18979,18979,6.0,128.0,0.0,0,3163.17,148.27,0,0
OPPO,A11K,Flowing Silver,4.2,8990,10990,2.0,32.0,18.2,2000,4495.0,280.94,0,1
OPPO,F17 Pro,Matte Black,4.3,19990,25990,8.0,128.0,23.09,6000,2498.75,156.17,0,0
OPPO,A54,Moonlight Gold,4.3,15990,15990,4.0,128.0,0.0,0,3997.5,124.92,0,0
OPPO,A54,Moonlight Gold,4.3,14990,14990,4.0,64.0,0.0,0,3747.5,234.22,0,0
OPPO,Reno6 5G,Aurora,4.3,29990,35990,8.0,128.0,16.67,6000,3748.75,234.3,0,0
OPPO,Reno6 5G,Stellar Black,4.3,29990,35990,8.0,128.0,16.67,6000,3748.75,234.3,0,0
OPPO,F17 Pro,Magic Blue,4.3,19990,25990,8.0,128.0,23.09,6000,2498.75,156.17,0,0
OPPO,A54,Starry Blue,4.3,14990,14990,4.0,64.0,0.0,0,3747.5,234.22,0,0
OPPO,A54,Starry Blue,4.3,15990,15990,4.0,128.0,0.0,0,3997.5,124.92,0,0
OPPO,A54,Moonlight Gold,4.3,16990,17990,6.0,128.0,5.56,1000,2831.67,132.73,0,0
OPPO,A54,Starry Blue,4.3,16990,17990,6.0,128.0,5.56,1000,2831.67,132.73,0,0
OPPO,A54,Crystal Black,4.3,14990,14990,4.0,64.0,0.0,0,3747.5,234.22,0,0
OPPO,F17 Pro,Metallic White,4.3,19990,25990,8.0,128.0,23.09,6000,2498.75,156.17,0,0
OPPO,A31,Fantasy White,4.3,12199,12319,4.0,64.0,0.97,120,3049.75,190.61,0,0
OPPO,F17,Navy Blue,4.3,21990,21990,8.0,128.0,0.0,0,2748.75,171.8,0,0
OPPO,A53,Fancy Blue,4.3,15999,15999,6.0,128.0,0.0,0,2666.5,124.99,0,0
OPPO,A16,Pearl Blue,0.0,13850,13850,4.0,64.0,0.0,0,3462.5,216.41,0,0
OPPO,A11K,Deep Blue,4.2,8990,10990,2.0,32.0,18.2,2000,4495.0,280.94,0,1
OPPO,A54,Crystal Black,4.3,15990,15990,4.0,128.0,0.0,0,3997.5,124.92,0,0
OPPO,Reno5 Pro 5G,Astral Blue,4.4,35990,38990,8.0,128.0,7.69,3000,4498.75,281.17,1,0
OPPO,A16,CRYSTAL BLACK,0.0,13990,15990,4.0,64.0,12.51,2000,3497.5,218.59,0,0
OPPO,A15,Dynamic Black,4.3,10990,12990,3.0,32.0,15.4,2000,3663.33,343.44,0,0
OPPO,F17,Dynamic Orange,4.2,16990,20990,6.0,128.0,19.06,4000,2831.67,132.73,0,0
OPPO,A15,Mystery Blue,4.3,10990,12990,3.0,32.0,15.4,2000,3663.33,343.44,0,0
OPPO,A53,Fairy White,4.5,13499,13499,4.0,64.0,0.0,0,3374.75,210.92,0,0
OPPO,A53,Fairy White,4.3,15999,15999,6.0,128.0,0.0,0,2666.5,124.99,0,0
OPPO,A74 5G BLACK,Fluid Black,4.3,18380,18380,6.0,128.0,0.0,0,3063.33,143.59,0,0
OPPO,Reno6 Pro 5G,Stellar Black,4.4,39990,46990,12.0,256.0,14.9,7000,3332.5,156.21,1,0
OPPO,A54,Crystal Black,4.3,16990,17990,6.0,128.0,5.56,1000,2831.67,132.73,0,0
OPPO,Reno2 F,Sky White,4.4,19990,19990,6.0,256.0,0.0,0,3331.67,78.09,0,0
OPPO,Reno2 F,Lake Green,4.4,19990,19990,6.0,256.0,0.0,0,3331.67,78.09,0,0
OPPO,Reno3 Pro,Midnight Black,4.4,26798,28989,8.0,256.0,7.56,2191,3349.75,104.68,0,0
OPPO,F17,Navy Blue,4.2,16990,20990,6.0,128.0,19.06,4000,2831.67,132.73,0,0
OPPO,A15s,Dynamic Black,4.3,12990,13990,4.0,64.0,7.15,1000,3247.5,202.97,0,0
OPPO,A15S,Rainbow Silver,4.3,12990,13990,4.0,64.0,7.15,1000,3247.5,202.97,0,0
OPPO,Reno3 Pro,Auroral Blue,4.4,27990,35990,8.0,256.0,22.23,8000,3498.75,109.34,0,0
OPPO,F19 Pro,Crystal Silver,4.3,21990,23990,8.0,128.0,8.34,2000,2748.75,171.8,0,0
OPPO,F19 Pro,Fantastic Purple,4.3,23490,25990,8.0,256.0,9.62,2500,2936.25,91.76,0,0
OPPO,F19 Pro+ 5G,Space Silver,4.3,25990,29990,8.0,128.0,13.34,4000,3248.75,203.05,0,0
OPPO,F19 Pro+ 5G,Fluid Black,4.3,25990,29990,8.0,128.0,13.34,4000,3248.75,203.05,0,0
OPPO,A15S,Fancy White,4.3,12889,12989,4.0,64.0,0.77,100,3222.25,201.39,0,0
OPPO,F19 Pro,Fluid Black,4.3,21990,23990,8.0,128.0,8.34,2000,2748.75,171.8,0,0
OPPO,F19 Pro,Crystal Silver,4.3,23490,25990,8.0,256.0,9.62,2500,2936.25,91.76,0,0
OPPO,F19 Pro,Fluid Black,4.3,23490,25990,8.0,256.0,9.62,2500,2936.25,91.76,0,0
OPPO,F19 Pro,Fantastic Purple,4.3,21990,23990,8.0,128.0,8.34,2000,2748.75,171.8,0,0
OPPO,A53,Fancy Blue,4.5,13499,13499,4.0,64.0,0.0,0,3374.75,210.92,0,0
OPPO,F19,Midnight Blue,4.2,19990,20990,6.0,128.0,4.76,1000,3331.67,156.17,0,0
OPPO,A15,Mystery Blue,4.0,9989,9989,2.0,32.0,0.0,0,4994.5,312.16,0,1
OPPO,Reno3 Pro,Auroral Blue,4.4,24989,24989,8.0,128.0,0.0,0,3123.62,195.23,0,0
OPPO,A7,Glaring Gold,4.4,10990,18990,4.0,64.0,42.13,8000,2747.5,171.72,0,0
OPPO,A15,Rainbow Silver,4.3,11249,11249,3.0,32.0,0.0,0,3749.67,351.53,0,0
OPPO,Reno5 Pro 5G,Starry Black,4.4,35990,38990,8.0,128.0,7.69,3000,4498.75,281.17,1,0
OPPO,F5,Red,4.4,24990,24990,6.0,64.0,0.0,0,4165.0,390.47,0,0
OPPO,A5s,Blue,4.3,8990,12990,2.0,32.0,30.79,4000,4495.0,280.94,0,1
OPPO,Reno,JET BLACK,4.4,29999,29999,8.0,128.0,0.0,0,3749.88,234.37,0,0
OPPO,Reno2 Z,Luminous Black,4.5,29489,29489,8.0,256.0,0.0,0,3686.12,115.19,0,0
OPPO,Reno6 Pro 5G,Aurora,4.4,39990,46990,12.0,256.0,14.9,7000,3332.5,156.21,1,0
OPPO,F15,Unicorn White,4.4,15990,20990,4.0,128.0,23.82,5000,3997.5,124.92,0,0
OPPO,F19,Prism Black,4.2,19990,20990,6.0,128.0,4.76,1000,3331.67,156.17,0,0
OPPO,K1,Piano Black,4.3,13990,20990,6.0,64.0,33.35,7000,2331.67,218.59,0,0
OPPO,F17,Classic Silver,4.2,20999,20999,6.0,128.0,0.0,0,3499.83,164.05,0,0
OPPO,F15,Lightening Black,4.4,15990,20990,4.0,128.0,23.82,5000,3997.5,124.92,0,0
OPPO,Reno3 Pro,Sky White,4.4,24719,25489,8.0,128.0,3.02,770,3089.88,193.12,0,0
OPPO,Reno3 Pro,Midnight Black,4.4,24768,24990,8.0,128.0,0.89,222,3096.0,193.5,0,0
OPPO,A9 2020,Marine Green,4.3,14990,18990,4.0,128.0,21.06,4000,3747.5,117.11,0,0
OPPO,Find X,Bordeaux Red,4.6,60990,60990,8.0,256.0,0.0,0,7623.75,238.24,1,0
OPPO,Reno4 Pro Special Edition,Galactic Blue,4.4,34990,37990,8.0,128.0,7.9,3000,4373.75,273.36,1,0
OPPO,F11,Marble Green,4.4,17990,23990,6.0,128.0,25.01,6000,2998.33,140.55,0,0
OPPO,A5,Diamond Blue,4.4,15990,15990,4.0,64.0,0.0,0,3997.5,249.84,0,0
OPPO,Reno4 Pro,Silky White,4.4,34990,37990,8.0,128.0,7.9,3000,4373.75,273.36,1,0
OPPO,Reno4 Pro,Starry Night,4.4,34990,37990,8.0,128.0,7.9,3000,4373.75,273.36,1,0
OPPO,F19,Space Silver,4.2,19990,20990,6.0,128.0,4.76,1000,3331.67,156.17,0,0
OPPO,A12,Black,4.4,10990,10990,4.0,64.0,0.0,0,2747.5,171.72,0,0
OPPO,A9 2020,Space Purple,4.3,14990,18990,4.0,128.0,21.06,4000,3747.5,117.11,0,0
OPPO,Reno2 F,Sky White,4.4,21990,28990,8.0,128.0,24.15,7000,2748.75,171.8,0,0
OPPO,A5 2020,Dazzling White,4.4,12990,14990,3.0,64.0,13.34,2000,4330.0,202.97,0,0
OPPO,F3 Deepika Padukone Limited Edition,Rose Gold,4.3,17000,17000,4.0,64.0,0.0,0,4250.0,265.62,0,0
OPPO,F1 Plus,Gold,4.0,27500,27500,4.0,64.0,0.0,0,6875.0,429.69,0,0
OPPO,K1,Piano Black,4.4,15000,15000,4.0,64.0,0.0,0,3750.0,234.38,0,0
OPPO,A83 2018 Edition,Blue,4.3,15000,15000,4.0,64.0,0.0,0,3750.0,234.38,0,0
OPPO,F3,Rose Gold,4.3,18000,18000,4.0,64.0,0.0,0,4500.0,281.25,0,0
OPPO,F15,Blazing Blue,4.4,15990,20990,4.0,128.0,23.82,5000,3997.5,124.92,0,0
OPPO,A3s,Purple,4.3,15000,15000,4.0,64.0,0.0,0,3750.0,234.38,0,0
OPPO,A83,Champagne,4.2,11000,11000,2.0,16.0,0.0,0,5500.0,687.5,0,0
OPPO,K3,Aurora Blue,4.3,23990,24667,6.0,64.0,2.74,677,3998.33,374.84,0,0
OPPO,F9,Mist Black,4.5,19000,19000,4.0,64.0,0.0,0,4750.0,296.88,0,0
OPPO,Reno2 Z,Sky White,4.5,29489,32990,8.0,256.0,10.61,3501,3686.12,115.19,0,0
OPPO,A5s,Black,4.4,9490,12990,3.0,32.0,26.94,3500,3163.33,296.56,0,1
OPPO,A83,Red,4.3,13990,13990,4.0,64.0,0.0,0,3497.5,218.59,0,0
OPPO,F5,Black,4.4,15500,15500,4.0,32.0,0.0,0,3875.0,484.38,0,0
OPPO,A52,Twilight Black,4.3,17999,17999,6.0,128.0,0.0,0,2999.83,140.62,0,0
OPPO,A52,Stream White,4.3,17999,17999,6.0,128.0,0.0,0,2999.83,140.62,0,0
OPPO,A71 New Edition,Black,4.4,9940,9940,3.0,16.0,0.0,0,3313.33,621.25,0,1
OPPO,A5s,Black,4.3,12990,12990,2.0,32.0,0.0,0,6495.0,405.94,0,0
OPPO,Neo 7 4G,Black,3.8,10000,10000,1.0,16.0,0.0,0,10000.0,625.0,0,0
OPPO,A5s,Gold,4.4,15726,15726,4.0,64.0,0.0,0,3931.5,245.72,0,0
OPPO,F3,Gold,4.3,18000,18000,4.0,64.0,0.0,0,4500.0,281.25,0,0
OPPO,A71,Black,4.2,12500,12500,3.0,16.0,0.0,0,4166.67,781.25,0,0
OPPO,A71,Gold,4.2,12500,12500,3.0,16.0,0.0,0,4166.67,781.25,0,0
OPPO,F15,Lightening Black,4.4,18990,22990,8.0,128.0,17.4,4000,2373.75,148.36,0,0
OPPO,F15,Blazing Blue,4.4,18990,22990,8.0,128.0,17.4,4000,2373.75,148.36,0,0
OPPO,A57,Gold,4.2,18000,18000,3.0,32.0,0.0,0,6000.0,562.5,0,0
OPPO,A31,Mystery Black,4.3,13799,13799,6.0,128.0,0.0,0,2299.83,107.8,0,0
OPPO,A31,Fantasy White,4.3,13899,13899,6.0,128.0,0.0,0,2316.5,108.59,0,0
OPPO,A9 2020,Marine Green,4.3,15990,21990,8.0,128.0,27.29,6000,1998.75,124.92,0,0
OPPO,A9 2020,Vanilla Mint,4.3,14990,18990,4.0,128.0,21.06,4000,3747.5,117.11,0,0
OPPO,Reno2 F,Lake Green,4.4,25889,25889,8.0,128.0,0.0,0,3236.12,202.26,0,0
OPPO,A16,Crystal Black,0.0,13490,13490,4.0,64.0,0.0,0,3372.5,210.78,0,0
OPPO,A5s,Red,4.3,12990,4990,2.0,32.0,-160.32,-8000,6495.0,405.94,0,0
OPPO,A1K,Red,4.3,8490,13400,2.0,32.0,36.64,4910,4245.0,265.31,0,1
OPPO,A5s,Green,4.4,15677,15677,4.0,64.0,0.0,0,3919.25,244.95,0,0
OPPO,A37f,Grey,4.2,10000,10000,2.0,16.0,0.0,0,5000.0,625.0,0,0
OPPO,F9 Pro,Sunrise Red,4.5,19990,25000,6.0,64.0,20.04,5010,3331.67,312.34,0,0
OPPO,A3s,Red,4.3,12000,12000,3.0,32.0,0.0,0,4000.0,375.0,0,0
OPPO,F9 Pro,Twilight Blue,4.5,21150,21150,6.0,64.0,0.0,0,3525.0,330.47,0,0
OPPO,A83,Champagne,4.4,14995,14995,3.0,32.0,0.0,0,4998.33,468.59,0,0
OPPO,A3s,Red,4.4,9500,9500,2.0,16.0,0.0,0,4750.0,593.75,0,1
OPPO,F9 Pro,Starry Purple,4.5,21150,21150,6.0,64.0,0.0,0,3525.0,330.47,0,0
OPPO,A5s,Blue,4.4,13750,13750,3.0,32.0,0.0,0,4583.33,429.69,0,0
OPPO,A5s,Red,4.4,12990,12990,3.0,32.0,0.0,0,4330.0,405.94,0,0
OPPO,A3s,Purple,4.3,12990,12990,3.0,32.0,0.0,0,4330.0,405.94,0,0
OPPO,A3s,Purple,4.4,9500,9500,2.0,16.0,0.0,0,4750.0,593.75,0,1
OPPO,A5,Diamond Blue,4.4,15000,15000,4.0,32.0,0.0,0,3750.0,468.75,0,0
OPPO,A5,Diamond Blue,4.4,15000,15000,4.0,32.0,0.0,0,3750.0,468.75,0,0
OPPO,F19s,Glowing Gold,0.0,19990,22990,6.0,128.0,13.05,3000,3331.67,156.17,0,0
OPPO,F19s,Glowing Black,0.0,19990,22990,6.0,128.0,13.05,3000,3331.67,156.17,0,0
OPPO,A5,Diamond Red,4.4,13500,13500,4.0,32.0,0.0,0,3375.0,421.88,0,0
OPPO,A5,Diamond Red,4.4,15990,15990,4.0,64.0,0.0,0,3997.5,249.84,0,0
OPPO,A52,Stream White,4.3,16990,19990,6.0,128.0,15.01,3000,2831.67,132.73,0,0
OPPO,A33,Mint Cream,4.3,10490,12990,3.0,32.0,19.25,2500,3496.67,327.81,0,0
OPPO,F17,Dynamic Orange,4.3,22990,22990,8.0,128.0,0.0,0,2873.75,179.61,0,0
OPPO,F17,Classic Silver,4.3,22990,22990,8.0,128.0,0.0,0,2873.75,179.61,0,0
OPPO,A15s,Dynamic Black,4.3,13489,13489,4.0,128.0,0.0,0,3372.25,105.38,0,0
OPPO,A15,Dynamic Black,4.0,8990,10990,2.0,32.0,18.2,2000,4495.0,280.94,0,1
OPPO,A52,Twilight Black,4.4,14990,17990,4.0,128.0,16.68,3000,3747.5,117.11,0,0
OPPO,A74 5G,Fluid Black,0.0,18490,18490,4.0,128.0,0.0,0,4622.5,144.45,0,0
OPPO,Reno3 Pro,Sky White,4.4,27990,35990,8.0,256.0,22.23,8000,3498.75,109.34,0,0
OPPO,A7,Glaring Gold,4.3,10990,16990,3.0,64.0,35.31,6000,3663.33,171.72,0,0
OPPO,A1K,Black,4.3,7990,10990,2.0,32.0,27.3,3000,3995.0,249.69,0,1
OPPO,A52,Twilight Black,4.3,20990,20990,8.0,128.0,0.0,0,2623.75,163.98,0,0
OPPO,A52,Stream White,4.3,20990,20990,8.0,128.0,0.0,0,2623.75,163.98,0,0
OPPO,A52,Stream White,4.4,14990,17990,4.0,128.0,16.68,3000,3747.5,117.11,0,0
OPPO,A5s,Blue,4.4,10990,15990,4.0,64.0,31.27,5000,2747.5,171.72,0,0
OPPO,F5,Black,4.4,14990,14990,6.0,64.0,0.0,0,2498.33,234.22,0,0
OPPO,A7,Glaze Blue,4.4,10990,18990,4.0,64.0,42.13,8000,2747.5,171.72,0,0
OPPO,A83,Red,4.2,9990,9990,2.0,16.0,0.0,0,4995.0,624.38,0,1
OPPO,A3s,Red,4.3,13990,13990,4.0,64.0,0.0,0,3497.5,218.59,0,0
OPPO,A7,Glaze Blue,4.3,10990,16990,3.0,64.0,35.31,6000,3663.33,171.72,0,0
OPPO,A5 2020,Mirror Black,4.4,14990,14990,3.0,64.0,0.0,0,4996.67,234.22,0,0
OPPO,A83,Champagne,4.3,16990,16990,4.0,64.0,0.0,0,4247.5,265.47,0,0
OPPO,F5,Gold,4.4,19990,19990,4.0,32.0,0.0,0,4997.5,624.69,0,0
OPPO,K3,Jade Black,4.3,24990,24990,6.0,64.0,0.0,0,4165.0,390.47,0,0
OPPO,A71k,Gold,4.4,10990,10990,3.0,16.0,0.0,0,3663.33,686.88,0,0
OPPO,Neo 7 4G,White,3.8,8490,8490,1.0,16.0,0.0,0,8490.0,530.62,0,1
OPPO,K1,Astral Blue,4.4,14990,18990,4.0,64.0,21.06,4000,3747.5,234.22,0,0
OPPO,K1,Astral Blue,4.3,13990,20990,6.0,64.0,33.35,7000,2331.67,218.59,0,0
OPPO,K3,Jade Black,4.2,30994,30994,8.0,128.0,0.0,0,3874.25,242.14,1,0
OPPO,A5s,Black,4.4,10990,15990,4.0,64.0,31.27,5000,2747.5,171.72,0,0
OPPO,F9,Stellar Purple,4.5,17890,21990,4.0,64.0,18.64,4100,4472.5,279.53,0,0
OPPO,F3,Black,4.3,20990,20990,4.0,64.0,0.0,0,5247.5,327.97,0,0
OPPO,A57,Black,4.2,14990,14990,3.0,32.0,0.0,0,4996.67,468.44,0,0
OPPO,A9,Marble Green,4.4,12990,16990,4.0,128.0,23.54,4000,3247.5,101.48,0,0
OPPO,A9,Fluorite Purple,4.4,12990,16990,4.0,128.0,23.54,4000,3247.5,101.48,0,0
OPPO,F3 Plus,Black,4.3,22990,22990,6.0,64.0,0.0,0,3831.67,359.22,0,0
OPPO,F3 Plus,Gold,4.3,22990,22990,6.0,64.0,0.0,0,3831.67,359.22,0,0
OPPO,F3 Plus,Black,4.3,30990,30990,4.0,64.0,0.0,0,7747.5,484.22,1,0
OPPO,Rohit Sharma Limited Edition,Black,4.4,22990,22990,4.0,64.0,0.0,0,5747.5,359.22,0,0
OPPO,F17 PRO,Gold,4.3,21999,21999,8.0,128.0,0.0,0,2749.88,171.87,0,0
OPPO,Hardik Pandya Limited Editon,Black,4.4,22990,22990,4.0,64.0,0.0,0,5747.5,359.22,0,0
OPPO,Reno4 Pro Special Edition,Starry Night,4.4,34990,37990,8.0,128.0,7.9,3000,4373.75,273.36,1,0
OPPO,Ravichandran Ashwin Limited Edition,Black,4.4,22990,22990,4.0,64.0,0.0,0,5747.5,359.22,0,0
OPPO,Reno4 Pro Special Edition,Starry Night,4.4,34990,37990,8.0,128.0,7.9,3000,4373.75,273.36,1,0
OPPO,Ravichandran Ashwin Limited Edition,Black,4.4,22990,22990,4.0,64.0,0.0,0,5747.5,359.22,0,0
OPPO,F3 Plus,Gold,4.3,12990,12990,4.0,64.0,0.0,0,3247.5,202.97,0,0
OPPO,F11 Pro,Waterfall Grey,4.5,14990,29990,6.0,128.0,50.02,15000,2498.33,117.11,0,0
OPPO,F11 Pro,Aurora Green,4.5,17990,29990,6.0,128.0,40.01,12000,2998.33,140.55,0,0
OPPO,R1 R829,White,3.0,21452,21452,1.0,16.0,0.0,0,21452.0,1340.75,0,0
OPPO,F11,Fluorite Purple,4.4,17990,23990,6.0,128.0,25.01,6000,2998.33,140.55,0,0
OPPO,F11,Fluorite Purple,4.4,13990,21990,4.0,128.0,36.38,8000,3497.5,109.3,0,0
OPPO,A9 2020,Vanilla Mint,4.3,15990,21990,8.0,128.0,27.29,6000,1998.75,124.92,0,0
OPPO,R1 R829,Black,3.0,24990,24990,1.0,16.0,0.0,0,24990.0,1561.88,0,0
OPPO,F11 Pro,Thunder Black,4.5,16990,28990,6.0,64.0,41.39,12000,2831.67,265.47,0,0
OPPO,F11 Pro,Aurora Green,4.5,16890,28990,6.0,64.0,41.74,12100,2815.0,263.91,0,0
OPPO,K3,Aurora Blue,4.2,29999,29999,8.0,128.0,0.0,0,3749.88,234.37,0,0
OPPO,A9 2020,Space Purple,4.3,15990,21990,8.0,128.0,27.29,6000,1998.75,124.92,0,0
OPPO,A15S,Fancy white,4.3,13489,13489,4.0,128.0,0.0,0,3372.25,105.38,0,0
OPPO,A15s,Rainbow Silver,4.3,13489,13489,4.0,128.0,0.0,0,3372.25,105.38,0,0
OPPO,A71k,Blue,4.4,10990,10990,3.0,16.0,0.0,0,3663.33,686.88,0,0
OPPO,F5 Youth,Black,4.3,17990,17990,3.0,32.0,0.0,0,5996.67,562.19,0,0
OPPO,F5 Youth,Gold,4.3,17990,17990,3.0,32.0,0.0,0,5996.67,562.19,0,0
OPPO,F11,Jewelry White,4.4,17990,23990,6.0,128.0,25.01,6000,2998.33,140.55,0,0
OPPO,F7,Black,4.4,22990,22990,4.0,64.0,0.0,0,5747.5,359.22,0,0
OPPO,F7,Red,4.4,22990,22990,4.0,64.0,0.0,0,5747.5,359.22,0,0
OPPO,F7,Silver,4.4,22990,22990,4.0,64.0,0.0,0,5747.5,359.22,0,0
OPPO,Find X,Glacier Blue,4.6,60990,60990,8.0,256.0,0.0,0,7623.75,238.24,1,0
OPPO,Neo 5,Black,3.8,4999,7856,1.0,16.0,36.37,2857,4999.0,312.44,0,1
OPPO,F7,Red,4.5,27990,27990,6.0,128.0,0.0,0,4665.0,218.67,0,0
OPPO,F1,Gold,4.1,15739,15739,3.0,16.0,0.0,0,5246.33,983.69,0,0
OPPO,Reno2,Luminous Black,4.4,38990,39990,8.0,256.0,2.5,1000,4873.75,152.3,1,0
OPPO,F7,Black,4.5,27990,27990,6.0,128.0,0.0,0,4665.0,218.67,0,0
OPPO,Neo 5,White,3.8,4999,7490,1.0,16.0,33.26,2491,4999.0,312.44,0,1
OPPO,R17,Neon Purple,3.7,38999,38999,8.0,128.0,0.0,0,4874.88,304.68,1,0
OPPO,A15,Rainbow Silver,4.0,9490,9500,2.0,32.0,0.11,10,4745.0,296.56,0,1
OPPO,F11 Pro Marvel’s Avengers Limited Edition,Space Blue,0.0,27990,31990,6.0,128.0,12.5,4000,4665.0,218.67,0,0
OPPO,F15,Unicorn White,4.4,18990,22990,8.0,128.0,17.4,4000,2373.75,148.36,0,0
OPPO,Reno 10x Zoom,Jet Black,4.5,38990,41990,6.0,128.0,7.14,3000,6498.33,304.61,1,0
OPPO,F11,Marble Green,4.4,13990,21990,4.0,128.0,36.38,8000,3497.5,109.3,0,0
OPPO,Reno6 Pro 5G,Majestic Gold,4.4,41990,45990,12.0,256.0,8.7,4000,3499.17,164.02,1,0
OPPO,A37f,Black,4.2,9990,9990,2.0,16.0,0.0,0,4995.0,624.38,0,1
OPPO,F1S,Grey,4.2,12990,12990,3.0,32.0,0.0,0,4330.0,405.94,0,0
OPPO,F1 Plus,Rose Gold,4.0,24900,24900,4.0,64.0,0.0,0,6225.0,389.06,0,0
OPPO,A83,Black,4.4,13490,13490,3.0,32.0,0.0,0,4496.67,421.56,0,0
OPPO,F11 Pro,Thunder Black,4.5,17990,29990,6.0,128.0,40.01,12000,2998.33,140.55,0,0
OPPO,F1S,Grey,4.3,18990,18990,4.0,64.0,0.0,0,4747.5,296.72,0,0
OPPO,F1S,Rose Gold,4.3,18990,18990,4.0,64.0,0.0,0,4747.5,296.72,0,0
OPPO,F1S,Gold,4.3,18990,18990,4.0,64.0,0.0,0,4747.5,296.72,0,0
OPPO,Reno 10x Zoom,Ocean Green,4.5,38990,41990,6.0,128.0,7.14,3000,6498.33,304.61,1,0
OPPO,Reno 10x Zoom,Jet Black,4.4,41990,55990,8.0,256.0,25.0,14000,5248.75,164.02,1,0
OPPO,Reno 10x Zoom,Ocean Green,4.4,41990,55990,8.0,256.0,25.0,14000,5248.75,164.02,1,0
OPPO,A37f,Gold,4.2,9990,9990,2.0,16.0,0.0,0,4995.0,624.38,0,1
OPPO,Reno2,Ocean Blue,4.4,38990,39990,8.0,256.0,2.5,1000,4873.75,152.3,1,0
OPPO,N5111,White,3.1,9990,9990,2.0,16.0,0.0,0,4995.0,624.38,0,1
OPPO,F9 Pro,Starry purple,4.5,21990,27990,6.0,128.0,21.44,6000,3665.0,171.8,0,0
HTC,U11+ ,Amazing Silver,4.7,56990,56990,6.0,128.0,0.0,0,9498.33,445.23,1,0
HTC,Wildfire X ,Blue,3.9,12999,12999,3.0,32.0,0.0,0,4333.0,406.22,0,0
HTC,Wildfire X ,Blue,3.9,16999,16999,4.0,128.0,0.0,0,4249.75,132.8,0,0
HTC,Wildfire X ,Blue,3.9,17999,17999,4.0,128.0,0.0,0,4499.75,140.62,0,0
HTC,Wildfire X ,Blue MB,3.9,13999,13999,3.0,32.0,0.0,0,4666.33,437.47,0,0
IQOO,3,Quantum Silver,4.4,34990,37990,8.0,128.0,7.9,3000,4373.75,273.36,1,0
IQOO,3,Tornado Black,4.4,34990,37990,8.0,128.0,7.9,3000,4373.75,273.36,1,0
IQOO,3,Quantum Silver,4.4,37990,40990,8.0,256.0,7.32,3000,4748.75,148.4,1,0
IQOO,3,Tornado Black,4.4,37990,40990,8.0,256.0,7.32,3000,4748.75,148.4,1,0
IQOO,3, Tornado Black,4.4,39990,46990,12.0,256.0,14.9,7000,3332.5,156.21,1,0
Google Pixel,4a ,Just Black,4.5,31999,31999,6.0,128.0,0.0,0,5333.17,249.99,1,0
Google Pixel,3a XL ,Clearly White,4.5,44999,44999,4.0,64.0,0.0,0,11249.75,703.11,1,0
Google Pixel,3,Just Black,4.5,69999,69999,4.0,64.0,0.0,0,17499.75,1093.73,1,0
Google Pixel,3a XL ,Just Black,4.5,44999,44999,4.0,64.0,0.0,0,11249.75,703.11,1,0
Google Pixel,3,Clearly White,4.5,71000,71000,4.0,64.0,0.0,0,17750.0,1109.38,1,0
Google Pixel,3,Not Pink,4.5,71000,71000,4.0,64.0,0.0,0,17750.0,1109.38,1,0
Google Pixel,3,Not Pink,4.5,80000,80000,4.0,128.0,0.0,0,20000.0,625.0,1,0
Google Pixel,3 XL ,Not Pink,4.6,83000,83000,4.0,64.0,0.0,0,20750.0,1296.88,1,0
Google Pixel,3 XL ,Just Black,4.6,83000,83000,4.0,64.0,0.0,0,20750.0,1296.88,1,0
Google Pixel,3 XL ,Clearly White,4.6,92000,92000,4.0,128.0,0.0,0,23000.0,718.75,1,0
Google Pixel,3,Just Black,4.5,80000,80000,4.0,128.0,0.0,0,20000.0,625.0,1,0
Google Pixel,3,Clearly White,4.5,80000,80000,4.0,128.0,0.0,0,20000.0,625.0,1,0
Google Pixel,3 XL ,Just Black,4.6,92000,92000,4.0,128.0,0.0,0,23000.0,718.75,1,0
Google Pixel,3 XL ,Clearly White,4.6,83000,83000,4.0,64.0,0.0,0,20750.0,1296.88,1,0
Google Pixel,3a ,Clearly White,4.5,39999,39999,4.0,64.0,0.0,0,9999.75,624.98,1,0
Google Pixel,XL ,Very Silver,4.5,76000,76000,4.0,128.0,0.0,0,19000.0,593.75,1,0
Google Pixel,2 XL ,Just Black,4.6,82000,82000,4.0,128.0,0.0,0,20500.0,640.62,1,0
Google Pixel,2,Just Black,4.6,61000,61000,4.0,64.0,0.0,0,15250.0,953.12,1,0
Google Pixel,3 XL ,Not Pink,4.6,92000,92000,4.0,128.0,0.0,0,23000.0,718.75,1,0
Google Pixel,2,Clearly White,4.6,70000,70000,4.0,128.0,0.0,0,17500.0,546.88,1,0
Google Pixel,Quite Black,Black,4.4,66000,66000,4.0,128.0,0.0,0,16500.0,515.62,1,0
Google Pixel,Very Silver,Silver,4.4,57000,57000,4.0,32.0,0.0,0,14250.0,1781.25,1,0
Google Pixel,2,Just Black,4.6,70000,70000,4.0,128.0,0.0,0,17500.0,546.88,1,0
Google Pixel,3a ,Just Black,4.5,39999,39999,4.0,64.0,0.0,0,9999.75,624.98,1,0
LG,W11 ,Black,4.0,7690,7799,3.0,32.0,1.4,109,2563.33,240.31,0,1
LG,Velvet Dual Screen ,Aurora Silver,4.4,44990,55000,6.0,128.0,18.2,10010,7498.33,351.48,1,0
LG,Q60 ,Blue,4.0,9990,9990,3.0,64.0,0.0,0,3330.0,156.09,0,1
LG,L90 Dual ,White,4.2,15532,15532,1.0,8.0,0.0,0,15532.0,1941.5,0,0
LG,W31 ,Midnight Blue,4.0,9999,9999,4.0,64.0,0.0,0,2499.75,156.23,0,1
LG,W31 Plus ,Midnight Blue,4.1,10999,10999,4.0,128.0,0.0,0,2749.75,85.93,0,0
LG,K42 ,Grey,3.9,10990,14000,3.0,64.0,21.5,3010,3663.33,171.72,0,0
LG,Velvet Dual Screen ,Black,4.4,44990,55000,6.0,128.0,18.2,10010,7498.33,351.48,1,0
LG,W31 ,midnight blue,4.0,9999,9999,4.0,64.0,0.0,0,2499.75,156.23,0,1
LG,W30 Pro ,Midnight Purple,3.8,14999,14999,4.0,64.0,0.0,0,3749.75,234.36,0,0
LG,W30 Pro ,Midnight Blue,3.8,13775,14500,4.0,64.0,5.0,725,3443.75,215.23,0,0
LG,Candy K9 ,Moroccan Blue,4.1,5899,7833,2.0,16.0,24.69,1934,2949.5,368.69,0,1
LG,K9 4G LTE ,Black,4.0,7999,7999,2.0,16.0,0.0,0,3999.5,499.94,0,1
LG,W10 ,Smokey Gray,3.9,6999,9999,3.0,32.0,30.0,3000,2333.0,218.72,0,1
LG,W30 Pro ,Midnight Purple,3.8,13998,13998,4.0,64.0,0.0,0,3499.5,218.72,0,0
LG,K-10 ,Black Blue,4.0,7799,7799,2.0,16.0,0.0,0,3899.5,487.44,0,1
LG,W41 ,MAGIC BLUE,4.0,10499,10499,4.0,64.0,0.0,0,2624.75,164.05,0,0
LG,Q Stylus+ ,Black,4.0,24000,24000,4.0,64.0,0.0,0,6000.0,375.0,0,0
LG,W10 Alpha ,Black,3.7,7299,7299,3.0,32.0,0.0,0,2433.0,228.09,0,1
LG,W30 ,Thunder Blue,3.9,8399,8399,3.0,32.0,0.0,0,2799.67,262.47,0,1
LG,W30 Plus ,Thunder blue,3.8,12950,12950,4.0,64.0,0.0,0,3237.5,202.34,0,0
LG,G7+ ThinQ ,Platinum,4.4,55000,55000,6.0,128.0,0.0,0,9166.67,429.69,1,0
LG,Stylus 2 ,Titan,4.1,12999,12999,2.0,16.0,0.0,0,6499.5,812.44,0,0
LG,K42 ,Green,3.9,10990,14000,3.0,64.0,21.5,3010,3663.33,171.72,0,0
LG,Max X160 ,Silver Titan,3.4,5000,11500,1.0,8.0,56.52,6500,5000.0,625.0,0,1
LG,W30 Plus ,Aurora Green,3.8,12790,12790,4.0,64.0,0.0,0,3197.5,199.84,0,0
LG,V20 ,Silver,4.2,29199,29199,4.0,64.0,0.0,0,7299.75,456.23,0,0
LG,G8X ,Black,4.4,27990,70000,6.0,128.0,60.01,42010,4665.0,218.67,0,0
LG,V40 ThinQ ,Platinum Grey,4.4,60000,60000,6.0,128.0,0.0,0,10000.0,468.75,1,0
LG,K7i ,Brown,4.0,9990,9990,2.0,16.0,0.0,0,4995.0,624.38,0,1
LG,Nexus4 E960,White,4.5,26299,26299,2.0,16.0,0.0,0,13149.5,1643.69,0,0
LG,G7 ThinQ ,Black,4.4,50000,50000,4.0,64.0,0.0,0,12500.0,781.25,1,0
LG,G7 ThinQ ,Platinum,4.4,50000,50000,4.0,64.0,0.0,0,12500.0,781.25,1,0
Google Pixel,Nexus 5X ,Ice,4.3,25990,25990,2.0,16.0,0.0,0,12995.0,1624.38,0,0
LG,G5 ,Silver,4.0,52990,52990,4.0,32.0,0.0,0,13247.5,1655.94,1,0
LG,Q6+ ,Platinum,3.9,19990,19990,4.0,64.0,0.0,0,4997.5,312.34,0,0
LG,Spirit 4G LTE ,Black Titan,3.7,12500,12500,1.0,8.0,0.0,0,12500.0,1562.5,0,0
LG,Velvet ,AURORA SILVER,4.2,29999,29999,6.0,128.0,0.0,0,4999.83,234.37,0,0
LG,W41 Plus ,Magic Blue,3.8,9499,18000,4.0,128.0,47.23,8501,2374.75,74.21,0,1
LG,W41 ,Magic Blue,4.0,8499,16000,4.0,64.0,46.88,7501,2124.75,132.8,0,1
LG,Wing ,Aurora Gray,4.2,29999,80000,8.0,128.0,62.5,50001,3749.88,234.37,0,0
LG,W41 Pro ,Laser Blue,3.7,10499,20000,6.0,128.0,47.5,9501,1749.83,82.02,0,0
LG,G7+ ThinQ ,Black,4.4,55000,55000,6.0,128.0,0.0,0,9166.67,429.69,1,0
LG,Optimus L70 ,Black,4.0,12791,12791,1.0,4.0,0.0,0,12791.0,3197.75,0,0
LG,L60 Dual ,White,3.7,8800,8800,0.5,4.0,0.0,0,17600.0,2200.0,0,1
LG,K8 ,Black & Blue,3.8,5699,5699,2.0,16.0,0.0,0,2849.5,356.19,0,1
LG,G Pro 2 ,Titan,4.5,42021,42021,3.0,16.0,0.0,0,14007.0,2626.31,1,0
LG,Optimus L5 II ,Black,4.5,10199,10199,0.5,4.0,0.0,0,20398.0,2549.75,0,0
LG,W30 ,Aurora Green,3.9,9999,9999,3.0,32.0,0.0,0,3333.0,312.47,0,1
LG,V30+ ,Silver,4.3,29999,29999,4.0,128.0,0.0,0,7499.75,234.37,0,0
LG,V30+ ,Black,4.3,29999,29999,4.0,128.0,0.0,0,7499.75,234.37,0,0
LG,G2 D802 ,Black Gold,4.5,31971,31971,2.0,16.0,0.0,0,15985.5,1998.19,1,0
LG,Q Stylus ,Black,3.8,20000,20000,3.0,32.0,0.0,0,6666.67,625.0,0,0
LG,Q6 ,Platinum,4.0,16990,16990,3.0,32.0,0.0,0,5663.33,530.94,0,0
LG,G6 ,Black,4.2,22990,55000,4.0,64.0,58.2,32010,5747.5,359.22,0,0
LG,K10 2017 ,Titan,4.1,7499,7499,2.0,16.0,0.0,0,3749.5,468.69,0,1
LG,K10 2017 ,Gold & Black,4.1,9990,9990,2.0,16.0,0.0,0,4995.0,624.38,0,1
LG,Wing ,Illusion Sky,4.2,29999,80000,8.0,128.0,62.5,50001,3749.88,234.37,0,0
LG,V20a ,Titan,4.1,30990,30990,4.0,64.0,0.0,0,7747.5,484.22,1,0
LG,G7+ ThinQ ,Blue,4.4,55000,55000,6.0,128.0,0.0,0,9166.67,429.69,1,0
LG,K10 K420DS ,Black Gold,4.0,6980,6980,2.0,16.0,0.0,0,3490.0,436.25,0,1
LG,Q6 ,Black,4.0,16990,16990,3.0,32.0,0.0,0,5663.33,530.94,0,0
LG,Q6 ,Gold,4.0,16990,16990,3.0,32.0,0.0,0,5663.33,530.94,0,0
LG,Q7 ,Black,3.3,9990,9990,3.0,32.0,0.0,0,3330.0,312.19,0,1
LG,X Power ,Black,4.0,8499,8499,2.0,16.0,0.0,0,4249.5,531.19,0,1
LG,Stylus 2 Plus ,Titan,4.1,14250,14250,3.0,16.0,0.0,0,4750.0,890.62,0,0
Google Pixel,Nexus 5X ,Ice,4.3,29990,29990,2.0,32.0,0.0,0,14995.0,937.19,0,0
Google Pixel,Nexus 5X ,Carbon,4.3,25990,25990,2.0,16.0,0.0,0,12995.0,1624.38,0,0
LG,Q6+ ,Black,3.9,19990,19990,4.0,64.0,0.0,0,4997.5,312.34,0,0
LG,K-7 ,Titan,4.1,6590,6590,1.5,8.0,0.0,0,4393.33,823.75,0,1
LG,G3 Beat ,White,3.8,15999,15999,1.0,8.0,0.0,0,15999.0,1999.88,0,0
LG,G8s ThinQ ,Black,0.0,29999,29999,6.0,128.0,0.0,0,4999.83,234.37,0,0
LG,Q6+ ,Blue,3.9,19990,19990,4.0,64.0,0.0,0,4997.5,312.34,0,0
LG,G4 ,Red,4.0,35990,35990,3.0,32.0,0.0,0,11996.67,1124.69,1,0
LG,G4 ,Genuine Leather Black,4.0,35990,35990,3.0,32.0,0.0,0,11996.67,1124.69,1,0
LG,Stylus 2 ,Brown,4.1,9999,9999,2.0,16.0,0.0,0,4999.5,624.94,0,1
LG,Stylus 3 ,Titan,3.8,9990,9990,3.0,16.0,0.0,0,3330.0,624.38,0,1
Google Pixel,Nexus 5X ,White,4.5,25400,25400,2.0,16.0,0.0,0,12700.0,1587.5,0,0
LG,Stylus 2 ,Brown,4.1,8350,19000,2.0,16.0,56.05,10650,4175.0,521.88,0,1
LG,L Bello ,Black Titan,3.9,7000,17000,1.0,8.0,58.82,10000,7000.0,875.0,0,1
LG,G4 Stylus 4G LTE ,Titan,3.6,7000,14990,1.0,16.0,53.3,7990,7000.0,437.5,0,1
LG,X Cam ,Titan Silver,3.5,9999,9999,2.0,16.0,0.0,0,4999.5,624.94,0,1
LG,Optimus L3 II E425 ,Black,3.9,6299,6299,0.5,4.0,0.0,0,12598.0,1574.75,0,1
LG,Optimus L7 II Dual ,White,4.0,13299,13299,0.75,4.0,0.0,0,17732.0,3324.75,0,0
LG,V20 ,Pink,4.2,31490,31490,4.0,64.0,0.0,0,7872.5,492.03,1,0
LG,K10 2017 ,Black,4.1,9000,9000,2.0,16.0,0.0,0,4500.0,562.5,0,1
LG,G5 ,Titan,4.0,22999,22999,4.0,32.0,0.0,0,5749.75,718.72,0,0
LG,W30 ,Platinum Grey,3.9,8199,10999,3.0,32.0,25.46,2800,2733.0,256.22,0,1
Google Pixel,Nexus 5X ,Black,4.5,12000,29990,2.0,16.0,59.99,17990,6000.0,750.0,0,0
LG,G4 ,Metallic Gray,4.0,25999,25999,3.0,32.0,0.0,0,8666.33,812.47,0,0
LG,G6 ,White,4.2,24998,49999,4.0,64.0,50.0,25001,6249.5,390.59,0,0
LG,G6 ,Blue,4.2,29790,29790,4.0,64.0,0.0,0,7447.5,465.47,0,0
LG,G5 ,Gold,4.0,25999,25999,4.0,32.0,0.0,0,6499.75,812.47,0,0
LG,L 80 Dual ,White,3.7,14162,14162,1.0,4.0,0.0,0,14162.0,3540.5,0,0
LG,G3 Stylus ,Black Titan,4.1,13990,13990,1.0,8.0,0.0,0,13990.0,1748.75,0,0
LG,Q7 ,Moroccan Blue,3.3,16790,16790,3.0,32.0,0.0,0,5596.67,524.69,0,0
LG,Q7 ,Lavender Violet,3.3,16996,16996,3.0,32.0,0.0,0,5665.33,531.12,0,0
LG,Q7+ ,Moroccan Blue,3.2,20998,20998,4.0,64.0,0.0,0,5249.5,328.09,0,0
LG,Q7+ ,Lavender Violet,3.2,21001,21001,4.0,64.0,0.0,0,5250.25,328.14,0,0
LG,X Screen K500I ,Black,4.0,7990,7990,2.0,16.0,0.0,0,3995.0,499.38,0,1
LG,Q7+ ,Black,3.2,11849,18990,4.0,64.0,37.6,7141,2962.25,185.14,0,0
LG,Spirit ,Black Titan,3.8,8000,8000,1.0,8.0,0.0,0,8000.0,1000.0,0,1
LG,Spirit ,Black Gold,3.8,8000,8000,1.0,8.0,0.0,0,8000.0,1000.0,0,1
LG,G4 ,Genuine Leather Brown,4.0,30600,30600,3.0,32.0,0.0,0,10200.0,956.25,1,0
ASUS,ROG Phone 5 ,Black,4.3,49999,55999,8.0,128.0,10.71,6000,6249.88,390.62,1,0
ASUS,ROG Phone 3 ,Black,4.4,49999,57999,12.0,128.0,13.79,8000,4166.58,390.62,1,0
ASUS,Zenfone Max Pro M1 ,Grey,4.3,15599,15599,4.0,64.0,0.0,0,3899.75,243.73,0,0
ASUS,Zenfone 2 Laser ZE500KL ,Black,4.1,7999,7999,2.0,16.0,0.0,0,3999.5,499.94,0,1
ASUS,ROG Phone 3 ,Black,4.4,46999,55999,8.0,128.0,16.07,9000,5874.88,367.18,1,0
ASUS,ZenFone Max M2 ,Blue,4.3,12999,12999,3.0,32.0,0.0,0,4333.0,406.22,0,0
ASUS,ZenFone 5Z ,Midnight Blue,4.5,36299,36299,6.0,128.0,0.0,0,6049.83,283.59,1,0
ASUS,Zenfone Max Pro M1 ,Blue,4.3,15599,15599,4.0,64.0,0.0,0,3899.75,243.73,0,0
ASUS,6Z ,Black,4.3,35999,35999,6.0,64.0,0.0,0,5999.83,562.48,1,0
ASUS,Zenfone Max Pro M1 ,Black,4.3,15599,15599,4.0,64.0,0.0,0,3899.75,243.73,0,0
ASUS,Zenfone Go 4.5 ,Black,3.9,5299,5299,1.0,8.0,0.0,0,5299.0,662.38,0,1
ASUS,ZenFone Max M2 ,Black,4.3,14999,14999,4.0,64.0,0.0,0,3749.75,234.36,0,0
ASUS,ZenFone 5Z ,Meteor Silver,4.5,36299,36299,6.0,128.0,0.0,0,6049.83,283.59,1,0
ASUS,Zenfone Go 5.5 ,Gold,3.7,6999,6999,2.0,32.0,0.0,0,3499.5,218.72,0,1
ASUS,Zenfone Go 3rd Gen,Gold,3.8,8999,8999,2.0,16.0,0.0,0,4499.5,562.44,0,1
ASUS,Zenfone Go 2nd Gen,Red,3.7,5299,5299,1.0,8.0,0.0,0,5299.0,662.38,0,1
ASUS,Zenfone Go ,Silver,3.8,5299,5299,1.0,8.0,0.0,0,5299.0,662.38,0,1
ASUS,ZenFone Max M2 ,Silver,4.3,14999,14999,4.0,64.0,0.0,0,3749.75,234.36,0,0
ASUS,ZenFone Lite L1 ,Black,4.2,7199,7199,2.0,16.0,0.0,0,3599.5,449.94,0,1
ASUS,ZenFone Max M2 ,Black,4.3,12999,12999,3.0,32.0,0.0,0,4333.0,406.22,0,0
ASUS,Zenfone 4 Selfie ,Black,4.1,10999,10999,3.0,32.0,0.0,0,3666.33,343.72,0,0
ASUS,Zenfone Max Pro M1 ,Grey,4.3,17999,17999,6.0,64.0,0.0,0,2999.83,281.23,0,0
ASUS,6Z ,Silver,4.3,38999,38999,6.0,128.0,0.0,0,6499.83,304.68,1,0
ASUS,Zenfone Go ,Silver,3.8,5699,5699,1.0,8.0,0.0,0,5699.0,712.38,0,1
ASUS,ROG Phone II ,Black,4.6,40999,40999,8.0,128.0,0.0,0,5124.88,320.3,1,0
ASUS,Zenfone GO ,Black,3.8,8499,8499,2.0,16.0,0.0,0,4249.5,531.19,0,1
ASUS,Zenfone Go 5.0 ,White,4.0,6999,6999,2.0,16.0,0.0,0,3499.5,437.44,0,1
ASUS,ROG Phone 5 ,Black,4.5,57999,63999,12.0,256.0,9.38,6000,4833.25,226.56,1,0
ASUS,ZenFone Lite L1 ,Gold,4.2,7199,7199,2.0,16.0,0.0,0,3599.5,449.94,0,1
ASUS,ZenFone Max Pro M2 ,Blue,4.3,15999,15999,3.0,32.0,0.0,0,5333.0,499.97,0,0
ASUS,Zenfone Go 4.5 ,Pink,3.9,5299,5299,1.0,8.0,0.0,0,5299.0,662.38,0,1
ASUS,Zenfone Go 2nd Gen,White,3.7,5299,5299,1.0,8.0,0.0,0,5299.0,662.38,0,1
ASUS,Zenfone Go 5.0 LTE 2nd Gen ,Gold,3.6,5840,5840,2.0,16.0,0.0,0,2920.0,365.0,0,1
ASUS,ROG Phone 3 ,Black,4.4,57999,65999,12.0,256.0,12.12,8000,4833.25,226.56,1,0
ASUS,Zenfone Go ,Gold,3.8,5699,5699,1.0,8.0,0.0,0,5699.0,712.38,0,1
ASUS,Zenfone C ,Red,3.8,6299,6299,1.0,8.0,0.0,0,6299.0,787.38,0,1
ASUS,Zenfone Go ,Silver Blue,3.8,5699,5699,1.0,8.0,0.0,0,5699.0,712.38,0,1
ASUS,Zenfone Go 5.0 LTE ,White,3.7,4990,4990,2.0,16.0,0.0,0,2495.0,311.88,0,1
ASUS,Zenfone Go 5.0 ,Black,4.0,4990,4990,2.0,8.0,0.0,0,2495.0,623.75,0,1
ASUS,Zenfone Go 2nd Gen,Yellow,3.7,5299,5299,1.0,8.0,0.0,0,5299.0,662.38,0,1
ASUS,Zenfone C ,Black,3.8,6299,6299,1.0,8.0,0.0,0,6299.0,787.38,0,1
ASUS,Zenfone C ,White,3.8,6299,6299,1.0,8.0,0.0,0,6299.0,787.38,0,1
ASUS,Zenfone Go ,Gold,3.8,4649,4649,1.0,8.0,0.0,0,4649.0,581.12,0,1
ASUS,ROG Phone 5 ,White,4.5,57999,63999,12.0,256.0,9.38,6000,4833.25,226.56,1,0
ASUS,6Z ,Silver,4.3,43999,43999,8.0,256.0,0.0,0,5499.88,171.87,1,0
ASUS,ZenFone 5Z ,Meteor Silver,4.5,43999,43999,8.0,256.0,0.0,0,5499.88,171.87,1,0
ASUS,6Z ,Silver,4.3,35999,35999,6.0,64.0,0.0,0,5999.83,562.48,1,0
ASUS,Zenfone Max ZC550KL ,Blue,4.1,14499,14499,3.0,32.0,0.0,0,4833.0,453.09,0,0
ASUS,Zenfone Max ,Black,4.1,6990,6990,2.0,16.0,0.0,0,3495.0,436.88,0,1
ASUS,Zenfone Go 5.0 LTE 2nd Gen ,Black,3.6,4999,4999,2.0,16.0,0.0,0,2499.5,312.44,0,1
ASUS,Zenfone Max Pro M1 ,Blue,4.3,17999,17999,6.0,64.0,0.0,0,2999.83,281.23,0,0
ASUS,Zenfone Max Pro M1 ,Blue,4.3,13199,13199,3.0,32.0,0.0,0,4399.67,412.47,0,0
ASUS,Zenfone Go 4.5 LTE ,Silver,3.6,4890,4890,1.0,8.0,0.0,0,4890.0,611.25,0,1
ASUS,Zenfone Go 4.5 LTE ,Silver Blue,3.6,4890,4890,1.0,8.0,0.0,0,4890.0,611.25,0,1
ASUS,Zenfone Go 5.0 ,Black,4.0,4499,4499,2.0,16.0,0.0,0,2249.5,281.19,0,1
ASUS,Zenfone Go ,Silver Blue,3.8,7300,7300,2.0,32.0,0.0,0,3650.0,228.12,0,1
ASUS,Zenfone Go ,Blue,3.8,7499,7499,2.0,32.0,0.0,0,3749.5,234.34,0,1
ASUS,ROG Phone 5 ,White,4.3,49999,55999,8.0,128.0,10.71,6000,6249.88,390.62,1,0
ASUS,ZenFone Max M1 ,Black,4.0,9599,9599,4.0,64.0,0.0,0,2399.75,149.98,0,1
ASUS,Zenfone Go 4.5 LTE ,Red,3.6,4890,4890,1.0,8.0,0.0,0,4890.0,611.25,0,1
ASUS,ZenFone Max M2 ,Silver,4.3,12999,12999,3.0,32.0,0.0,0,4333.0,406.22,0,0
ASUS,ROG ,Black,4.3,26499,83999,8.0,128.0,68.45,57500,3312.38,207.02,0,0
ASUS,ZenFone Max M1 ,Black,4.2,9599,9599,3.0,32.0,0.0,0,3199.67,299.97,0,1
ASUS,Zenfone Selfie ,Grey,4.0,17999,17999,3.0,32.0,0.0,0,5999.67,562.47,0,0
ASUS,Zenfone Go 4.5 LTE ,Gold,3.6,4880,4880,1.0,8.0,0.0,0,4880.0,610.0,0,1
ASUS,6Z ,Matte Black,4.3,43999,43999,8.0,256.0,0.0,0,5499.88,171.87,1,0
ASUS,Zenfone Max Pro M1 ,Black,4.3,17999,17999,6.0,64.0,0.0,0,2999.83,281.23,0,0
ASUS,Zenfone Max Pro M1 ,Blue,4.3,15599,15599,4.0,64.0,0.0,0,3899.75,243.73,0,0
ASUS,Zenfone Selfie ,White,4.0,13999,13999,3.0,16.0,0.0,0,4666.33,874.94,0,0
ASUS,Zenfone Selfie ,Black,4.0,9999,9999,3.0,16.0,0.0,0,3333.0,624.94,0,1
ASUS,Zenfone Max Pro M1 ,Grey,4.3,13199,13199,3.0,32.0,0.0,0,4399.67,412.47,0,0
ASUS,Zenfone Selfie ,Gold,4.0,9999,9999,3.0,16.0,0.0,0,3333.0,624.94,0,1
ASUS,ZenFone Max M1 ,Gold,4.2,9599,9599,3.0,32.0,0.0,0,3199.67,299.97,0,1
ASUS,Zenfone Selfie ,Pink,4.0,17999,17999,3.0,32.0,0.0,0,5999.67,562.47,0,0
ASUS,Zenfone Selfie ,Red,3.9,15999,15999,2.0,16.0,0.0,0,7999.5,999.94,0,0
ASUS,Zenfone Selfie ,White,3.9,15999,15999,2.0,16.0,0.0,0,7999.5,999.94,0,0
ASUS,Zenfone 4 Selfie ,Rose Pink,4.1,10999,10999,3.0,32.0,0.0,0,3666.33,343.72,0,0
ASUS,ZenFone Max M2 ,Blue,4.3,14999,14999,4.0,64.0,0.0,0,3749.75,234.36,0,0
ASUS,Zenfone 4 Selfie ,Gold,4.1,10999,10999,3.0,32.0,0.0,0,3666.33,343.72,0,0
ASUS,ZenFone Max Pro M2 ,Titanium,4.3,19999,19999,6.0,64.0,0.0,0,3333.17,312.48,0,0
ASUS,6Z ,Black,4.3,43999,43999,8.0,256.0,0.0,0,5499.88,171.87,1,0
ASUS,Zenfone Max ,White,4.1,7499,7499,2.0,16.0,0.0,0,3749.5,468.69,0,1
ASUS,ZenFone 5Z ,Midnight Blue,4.5,43999,43999,8.0,256.0,0.0,0,5499.88,171.87,1,0
ASUS,6Z ,Black,4.3,38999,38999,6.0,128.0,0.0,0,6499.83,304.68,1,0
ASUS,ROG Phone 5 Pro ,Black,0.0,69999,75999,16.0,512.0,7.89,6000,4374.94,136.72,1,0
ASUS,Zenfone Max ,Black,4.1,8499,8499,2.0,32.0,0.0,0,4249.5,265.59,0,1
ASUS,Zenfone Selfie ,Purple,4.0,13999,13999,3.0,16.0,0.0,0,4666.33,874.94,0,0
ASUS,ZenFone Max Pro M2 ,Blue,4.3,17999,17999,4.0,64.0,0.0,0,4499.75,281.23,0,0
ASUS,ZenFone Max Pro M2 ,Titanium,4.3,15999,15999,3.0,32.0,0.0,0,5333.0,499.97,0,0
ASUS,ROG Phone II ,Black,4.6,62999,62999,12.0,512.0,0.0,0,5249.92,123.04,1,0
ASUS,Zenfone Max ZC550KL ,Black,4.1,7990,7990,3.0,32.0,0.0,0,2663.33,249.69,0,1
ASUS,Zenfone Go ,Grey,3.8,6999,6999,2.0,32.0,0.0,0,3499.5,218.72,0,1
ASUS,ZenFone 5Z ,Midnight Blue,4.5,32999,32999,6.0,64.0,0.0,0,5499.83,515.61,1,0
ASUS,Zenfone Max Pro M1 ,Black,4.3,13199,13199,3.0,32.0,0.0,0,4399.67,412.47,0,0
ASUS,ZenFone Max Pro M2 ,Blue,4.3,19999,19999,6.0,64.0,0.0,0,3333.17,312.48,0,0
ASUS,ROG Phone 5 Ultimate ,White,0.0,79999,85999,18.0,512.0,6.98,6000,4444.39,156.25,1,0
ASUS,Zenfone Selfie ,Gold,3.9,15999,15999,2.0,16.0,0.0,0,7999.5,999.94,0,0
ASUS,ZenFone Max Pro M2 ,Titanium,4.3,17999,17999,4.0,64.0,0.0,0,4499.75,281.23,0,0
ASUS,Zenfone Live ,Pink,4.0,7999,7999,2.0,16.0,0.0,0,3999.5,499.94,0,1
ASUS,Zenfone Selfie ,Aqua Blue,4.0,11999,11999,3.0,32.0,0.0,0,3999.67,374.97,0,0
ASUS,Zenfone Zoom ,White,3.6,37999,37999,4.0,64.0,0.0,0,9499.75,593.73,1,0
ASUS,Zenfone Zoom ,Black,3.6,37999,37999,4.0,128.0,0.0,0,9499.75,296.87,1,0
ASUS,Zenfone Selfie ,Gold,4.0,7990,7990,3.0,32.0,0.0,0,2663.33,249.69,0,1
ASUS,Zenfone Selfie ,Red,4.0,11999,11999,3.0,32.0,0.0,0,3999.67,374.97,0,0
ASUS,Zenfone Max ,Blue,4.1,7699,7699,2.0,32.0,0.0,0,3849.5,240.59,0,1
ASUS,Zenfone Selfie ,Silver,3.9,8499,8499,2.0,16.0,0.0,0,4249.5,531.19,0,1
ASUS,Zenfone Max ZC550KL ,Orange,4.1,8690,8690,3.0,32.0,0.0,0,2896.67,271.56,0,1
ASUS,Zenfone Go 5.0 LTE 2nd Gen ,Red,3.6,5990,5990,2.0,16.0,0.0,0,2995.0,374.38,0,1
ASUS,Zenfone Selfie ,White,4.0,14500,14500,3.0,32.0,0.0,0,4833.33,453.12,0,0
ASUS,Zenfone Selfie ,Silver,4.0,6749,6749,3.0,16.0,0.0,0,2249.67,421.81,0,1
ASUS,Zenfone Max ,Black,4.1,6999,6999,2.0,32.0,0.0,0,3499.5,218.72,0,1
ASUS,Zenfone Selfie ,Pink,4.0,12490,12490,3.0,16.0,0.0,0,4163.33,780.62,0,0
ASUS,Zenfone Live ,Gold,4.0,7668,7668,2.0,16.0,0.0,0,3834.0,479.25,0,1
realme,C11 2021 ,Cool Blue,4.2,8799,9999,4.0,64.0,12.0,1200,2199.75,137.48,0,1
realme,C11 2021 ,Cool Blue,4.3,7299,7999,2.0,32.0,8.75,700,3649.5,228.09,0,1
realme,C11 2021 ,Cool Grey,4.3,7299,7999,2.0,32.0,8.75,700,3649.5,228.09,0,1
realme,Narzo 30 5G ,Racing Blue,4.4,14999,15999,4.0,64.0,6.25,1000,3749.75,234.36,0,0
realme,Narzo 30 5G ,Racing Silver,4.4,14999,15999,4.0,64.0,6.25,1000,3749.75,234.36,0,0
realme,C20 ,Cool Blue,4.4,7499,7999,2.0,32.0,6.25,500,3749.5,234.34,0,1
realme,C20 ,Cool Grey,4.4,7499,7999,2.0,32.0,6.25,500,3749.5,234.34,0,1
realme,C21Y ,Cross Black,4.4,9999,10999,4.0,64.0,9.09,1000,2499.75,156.23,0,1
realme,C21Y ,Cross Blue,4.4,9999,10999,4.0,64.0,9.09,1000,2499.75,156.23,0,1
realme,C11 2021 ,Cool Grey,4.2,8799,9999,4.0,64.0,12.0,1200,2199.75,137.48,0,1
realme,8i ,Space Purple,0.0,13999,15999,4.0,64.0,12.5,2000,3499.75,218.73,0,0
realme,8i ,Space Purple,0.0,15999,17999,6.0,128.0,11.11,2000,2666.5,124.99,0,0
realme,8i ,Space Black,0.0,13999,15999,4.0,64.0,12.5,2000,3499.75,218.73,0,0
realme,C25s ,Watery Grey,4.4,11999,11999,4.0,128.0,0.0,0,2999.75,93.74,0,0
realme,C25s ,Watery Grey,4.4,10999,10999,4.0,64.0,0.0,0,2749.75,171.86,0,0
realme,C25s ,Watery Blue,4.4,11999,11999,4.0,128.0,0.0,0,2999.75,93.74,0,0
realme,C25s ,Watery Blue,4.4,10999,10999,4.0,64.0,0.0,0,2749.75,171.86,0,0
realme,8s 5G ,Universe Blue,4.5,17999,20999,6.0,128.0,14.29,3000,2999.83,140.62,0,0
realme,8i ,Space Black,0.0,15999,17999,6.0,128.0,11.11,2000,2666.5,124.99,0,0
realme,C25Y ,Metal Grey,0.0,11999,13999,4.0,128.0,14.29,2000,2999.75,93.74,0,0
realme,C25Y ,Glacier Blue,0.0,11999,13999,4.0,128.0,14.29,2000,2999.75,93.74,0,0
realme,8s 5G ,Universe Blue,0.0,19999,22999,8.0,128.0,13.04,3000,2499.88,156.24,0,0
realme,8s 5G ,Universe Purple,0.0,19999,22999,8.0,128.0,13.04,3000,2499.88,156.24,0,0
realme,8s 5G ,Universe Purple,4.5,17999,20999,6.0,128.0,14.29,3000,2999.83,140.62,0,0
realme,C21 ,Cross Black,4.4,9999,10999,4.0,64.0,9.09,1000,2499.75,156.23,0,1
realme,C21 ,Cross Blue,4.4,9999,10999,4.0,64.0,9.09,1000,2499.75,156.23,0,1
realme,C21 ,Cross Black,4.4,8999,9999,3.0,32.0,10.0,1000,2999.67,281.22,0,1
realme,C21 ,Cross Blue,4.4,8999,9999,3.0,32.0,10.0,1000,2999.67,281.22,0,1
realme,Narzo 30 5G ,Racing Blue,4.3,16999,17999,6.0,128.0,5.56,1000,2833.17,132.8,0,0
realme,Narzo 30 5G ,Racing Silver,4.3,16999,17999,6.0,128.0,5.56,1000,2833.17,132.8,0,0
realme,Narzo 30 ,Racing Silver,4.3,14499,15999,6.0,64.0,9.38,1500,2416.5,226.55,0,0
realme,Narzo 30 ,Racing Blue,4.3,14499,15999,6.0,64.0,9.38,1500,2416.5,226.55,0,0
realme,Narzo 30 ,Racing Blue,4.3,13499,14999,4.0,64.0,10.0,1500,3374.75,210.92,0,0
realme,Narzo 30 ,Racing Silver,4.3,13499,14999,4.0,64.0,10.0,1500,3374.75,210.92,0,0
realme,Narzo 30A ,Laser Black,4.3,8999,9999,3.0,32.0,10.0,1000,2999.67,281.22,0,1
realme,Narzo 30 ,Racing Blue,4.3,15499,16999,6.0,128.0,8.82,1500,2583.17,121.09,0,0
realme,Narzo 30 ,Racing Silver,4.3,15499,16999,6.0,128.0,8.82,1500,2583.17,121.09,0,0
realme,8 5G ,Supersonic Black,4.3,16499,16999,4.0,128.0,2.94,500,4124.75,128.9,0,0
realme,8 5G ,Supersonic Blue,4.3,15499,15999,4.0,64.0,3.13,500,3874.75,242.17,0,0
realme,8 5G ,Supersonic Black,4.3,15499,15999,4.0,64.0,3.13,500,3874.75,242.17,0,0
realme,8 Pro ,Infinite Black,4.4,19999,21999,8.0,128.0,9.09,2000,2499.88,156.24,0,0
realme,8 5G ,Supersonic Blue,4.3,18499,18999,8.0,128.0,2.63,500,2312.38,144.52,0,0
realme,8 5G ,Supersonic Black,4.3,18499,18999,8.0,128.0,2.63,500,2312.38,144.52,0,0
realme,8 5G ,Supersonic Blue,4.3,16499,16999,4.0,128.0,2.94,500,4124.75,128.9,0,0
realme,C15 ,Power Blue,4.3,9999,11999,3.0,32.0,16.67,2000,3333.0,312.47,0,1
realme,8 Pro ,Infinite Black,4.3,17999,19999,6.0,128.0,10.0,2000,2999.83,140.62,0,0
realme,8 Pro ,Infinite Blue,4.4,19999,21999,8.0,128.0,9.09,2000,2499.88,156.24,0,0
realme,8,Cyber Silver,4.3,16999,17999,6.0,128.0,5.56,1000,2833.17,132.8,0,0
realme,8,Cyber Black,4.3,16999,17999,6.0,128.0,5.56,1000,2833.17,132.8,0,0
realme,8,Cyber Black,4.3,17999,18999,8.0,128.0,5.26,1000,2249.88,140.62,0,0
realme,8,Cyber Black,4.3,15999,16999,4.0,128.0,5.88,1000,3999.75,124.99,0,0
realme,8,Cyber Silver,4.3,17999,18999,8.0,128.0,5.26,1000,2249.88,140.62,0,0
realme,C12 ,Power Silver,4.4,8999,10999,3.0,32.0,18.18,2000,2999.67,281.22,0,1
realme,C12 ,Power Blue,4.4,8999,10999,3.0,32.0,18.18,2000,2999.67,281.22,0,1
realme,C11 ,Rich Grey,4.4,7499,8999,2.0,32.0,16.67,1500,3749.5,234.34,0,1
realme,C11 ,Rich Green,4.4,7499,8999,2.0,32.0,16.67,1500,3749.5,234.34,0,1
realme,7,Mist Blue,4.3,14999,17999,6.0,64.0,16.67,3000,2499.83,234.36,0,0
realme,X7 5G ,Nebula,4.3,21999,23999,8.0,128.0,8.33,2000,2749.88,171.87,0,0
realme,X7 5G ,Space Silver,4.3,19999,21999,6.0,128.0,9.09,2000,3333.17,156.24,0,0
realme,X7 5G ,Space Silver,4.3,21999,23999,8.0,128.0,8.33,2000,2749.88,171.87,0,0
realme,X7 5G ,Nebula,4.3,19999,21999,6.0,128.0,9.09,2000,3333.17,156.24,0,0
realme,Narzo 30 Pro 5G ,Sword Black,4.3,16999,18999,6.0,64.0,10.53,2000,2833.17,265.61,0,0
realme,Narzo 30 Pro 5G ,Blade Silver,4.3,16999,18999,6.0,64.0,10.53,2000,2833.17,265.61,0,0
realme,C3 ,Frozen Blue,4.4,9999,9999,3.0,32.0,0.0,0,3333.0,312.47,0,1
realme,C15 Qualcomm Edition ,Power Silver,4.3,11999,11999,3.0,32.0,0.0,0,3999.67,374.97,0,0
realme,C15 Qualcomm Edition ,Power Blue,4.4,12999,12999,4.0,64.0,0.0,0,3249.75,203.11,0,0
realme,C15 Qualcomm Edition ,Power Silver,4.4,12999,12999,4.0,64.0,0.0,0,3249.75,203.11,0,0
realme,Narzo 30 Pro 5G ,Blade Silver,4.3,19999,21999,8.0,128.0,9.09,2000,2499.88,156.24,0,0
realme,Narzo 30 Pro 5G ,Sword Black,4.3,19999,21999,8.0,128.0,9.09,2000,2499.88,156.24,0,0
realme,3i ,Diamond Blue,4.4,10499,10999,4.0,64.0,4.55,500,2624.75,164.05,0,0
realme,5 Pro ,Chroma White,4.5,16999,16999,8.0,128.0,0.0,0,2124.88,132.8,0,0
realme,7i ,Fusion Green,4.3,13999,13999,4.0,64.0,0.0,0,3499.75,218.73,0,0
realme,C2 ,Diamond Black,4.4,6999,7999,2.0,0.0,12.5,1000,3499.5,inf,0,1
realme,X3 SuperZoom ,Arctic White,4.3,29999,31999,8.0,0.0,6.25,2000,3749.88,inf,0,0
realme,X3 SuperZoom ,Arctic White,4.2,32999,34999,12.0,0.0,5.71,2000,2749.92,inf,1,0
realme,X3 SuperZoom ,Glacier Blue,4.2,32999,34999,12.0,0.0,5.71,2000,2749.92,inf,1,0
realme,6i ,Eclipse Black,4.4,13999,15999,6.0,0.0,12.5,2000,2333.17,inf,0,0
realme,6,Comet White,4.4,14999,17999,6.0,0.0,16.67,3000,2499.83,inf,0,0
realme,1,Diamond Black,4.3,10999,14990,6.0,0.0,26.62,3991,1833.17,inf,0,0
realme,3,Diamond Red,4.5,8499,10999,3.0,0.0,22.73,2500,2833.0,inf,0,1
realme,6i ,Lunar White,4.4,12999,14999,4.0,0.0,13.33,2000,3249.75,inf,0,0
realme,X2 ,Pearl White,4.5,17999,17999,4.0,0.0,0.0,0,4499.75,inf,0,0
realme,1,Moonlight Silver,0.0,10999,12990,3.0,0.0,15.33,1991,3666.33,inf,0,0
realme,5i ,Aqua Blue,4.5,10999,10999,4.0,0.0,0.0,0,2749.75,inf,0,0
realme,1,Black,4.4,10990,14990,4.0,0.0,26.68,4000,2747.5,inf,0,0
realme,1,Moonlight Silver,4.3,10990,14990,6.0,0.0,26.68,4000,1831.67,inf,0,0
realme,1,Diamond Black,0.0,11990,12990,3.0,0.0,7.7,1000,3996.67,inf,0,0
realme,1,Diamond Red,0.0,11900,12990,3.0,0.0,8.39,1090,3966.67,inf,0,0
realme,X ,Space Blue,4.5,17999,17999,4.0,0.0,0.0,0,4499.75,inf,0,0
realme,Narzo 50i ,Mint Green,4.4,7499,7999,2.0,32.0,6.25,500,3749.5,234.34,0,1
realme,Narzo 50i ,Carbon Black,4.4,7499,7999,2.0,32.0,6.25,500,3749.5,234.34,0,1
realme,Narzo 50A ,Oxygen Blue,4.4,12499,13999,4.0,32.0,10.72,1500,3124.75,390.59,0,0
realme,Narzo 50A ,Oxygen Green,4.4,11499,12999,4.0,64.0,11.54,1500,2874.75,179.67,0,0
realme,Narzo 50A ,Oxygen Blue,4.4,11499,12999,4.0,64.0,11.54,1500,2874.75,179.67,0,0
realme,2,Diamond Black,4.5,9990,9990,3.0,0.0,0.0,0,3330.0,inf,0,1
realme,2,Diamond Red,4.5,9990,9990,3.0,0.0,0.0,0,3330.0,inf,0,1
realme,X2 ,Pearl Green,4.5,20999,20999,8.0,0.0,0.0,0,2624.88,inf,0,0
realme,X ,Space Blue,4.5,20999,20999,8.0,0.0,0.0,0,2624.88,inf,0,0
realme,Narzo 50A ,Oxygen Green,4.4,12499,13999,4.0,128.0,10.72,1500,3124.75,97.65,0,0
realme,C21Y ,Cross Black,0.0,8999,9999,3.0,0.0,10.0,1000,2999.67,inf,0,1
realme,C21Y ,Cross Blue,0.0,8999,9999,3.0,0.0,10.0,1000,2999.67,inf,0,1
realme,Narzo 30A ,Laser Blue,4.3,10499,10999,4.0,0.0,4.55,500,2624.75,inf,0,0
realme,Narzo 30A ,Laser Black,4.3,10499,10999,4.0,0.0,4.55,500,2624.75,inf,0,0
realme,Narzo 30A ,Laser Blue,4.3,8999,9999,3.0,0.0,10.0,1000,2999.67,inf,0,1
realme,C15 ,Power Silver,4.4,10999,12999,4.0,0.0,15.39,2000,2749.75,inf,0,0
realme,C15 ,Power Blue,4.4,10999,12999,4.0,0.0,15.39,2000,2749.75,inf,0,0
realme,8 Pro ,Infinite Blue,4.3,17999,19999,6.0,0.0,10.0,2000,2999.83,inf,0,0
realme,8,Cyber Silver,4.3,15999,16999,4.0,0.0,5.88,1000,3999.75,inf,0,0
realme,C15 ,Power Silver,4.3,9999,11999,3.0,0.0,16.67,2000,3333.0,inf,0,1
realme,8 Pro ,Illuminating Yellow,4.4,19999,21999,8.0,0.0,9.09,2000,2499.88,inf,0,0
realme,8 Pro ,Illuminating Yellow,4.3,17999,19999,6.0,0.0,10.0,2000,2999.83,inf,0,0
realme,3i ,Diamond Blue,4.4,8499,8999,3.0,32.0,5.56,500,2833.0,265.59,0,1
realme,7i ,Fusion Green,4.3,14999,14999,4.0,128.0,0.0,0,3749.75,117.18,0,0
realme,5 Pro ,Sparkling Blue,4.5,14999,15999,6.0,64.0,6.25,1000,2499.83,234.36,0,0
realme,3i ,Diamond Red,4.4,10499,10999,4.0,64.0,4.55,500,2624.75,164.05,0,0
realme,X3 SuperZoom ,Glacier Blue,4.3,27999,29999,8.0,128.0,6.67,2000,3499.88,218.74,0,0
realme,X50 Pro 5G ,Rust Red,4.3,47999,47999,12.0,256.0,0.0,0,3999.92,187.5,1,0
realme,X3 ,Arctic White,4.4,24999,26999,6.0,128.0,7.41,2000,4166.5,195.3,0,0
realme,GT 5G ,Dashing Blue,4.3,37999,40999,8.0,128.0,7.32,3000,4749.88,296.87,1,0
realme,X50 Pro ,Rust Red,4.3,41999,41999,8.0,128.0,0.0,0,5249.88,328.12,1,0
realme,X50 Pro ,Moss Green,4.3,47999,47999,12.0,256.0,0.0,0,3999.92,187.5,1,0
realme,X50 Pro ,Moss Green,4.3,41999,41999,8.0,128.0,0.0,0,5249.88,328.12,1,0
realme,5 Pro ,Sparkling Blue,4.5,16999,17999,8.0,128.0,5.56,1000,2124.88,132.8,0,0
realme,5 Pro ,Crystal Green,4.5,13999,14999,4.0,64.0,6.67,1000,3499.75,218.73,0,0
realme,X3 SuperZoom ,Glacier Blue,4.3,29999,31999,8.0,256.0,6.25,2000,3749.88,117.18,0,0
realme,C2 ,Diamond Blue,4.4,6499,6999,2.0,16.0,7.14,500,3249.5,406.19,0,1
realme,GT 5G ,Racing Yellow,4.3,41999,43999,12.0,256.0,4.55,2000,3499.92,164.06,1,0
realme,6,Comet Blue,4.4,14999,17999,6.0,64.0,16.67,3000,2499.83,234.36,0,0
realme,X3 ,Arctic White,4.4,25999,27999,8.0,128.0,7.14,2000,3249.88,203.12,0,0
realme,C15 Qualcomm Edition ,Power Blue,4.3,11999,11999,3.0,32.0,0.0,0,3999.67,374.97,0,0
realme,6,Comet Blue,4.4,16999,17999,8.0,128.0,5.56,1000,2124.88,132.8,0,0
realme,X3 SuperZoom ,Arctic White,4.3,29999,31999,8.0,256.0,6.25,2000,3749.88,117.18,0,0
realme,X3 SuperZoom ,Arctic White,4.2,32999,34999,12.0,256.0,5.71,2000,2749.92,128.9,1,0
realme,X3 SuperZoom ,Glacier Blue,4.2,32999,34999,12.0,256.0,5.71,2000,2749.92,128.9,1,0
realme,X7 Pro 5G ,Mystic Black,4.3,29999,32999,8.0,128.0,9.09,3000,3749.88,234.37,0,0
realme,C2 ,Diamond Black,4.4,6999,7999,2.0,32.0,12.5,1000,3499.5,218.72,0,1
realme,X3 SuperZoom ,Arctic White,4.3,29999,31999,8.0,256.0,6.25,2000,3749.88,117.18,0,0
realme,X3 SuperZoom ,Arctic White,4.2,32999,34999,12.0,256.0,5.71,2000,2749.92,128.9,1,0
realme,X3 SuperZoom ,Glacier Blue,4.2,32999,34999,12.0,256.0,5.71,2000,2749.92,128.9,1,0
realme,GT Master Edition ,Cosmos Black,4.1,25999,26999,6.0,128.0,3.7,1000,4333.17,203.12,0,0
realme,6i ,Eclipse Black,4.4,13999,15999,6.0,64.0,12.5,2000,2333.17,218.73,0,0
realme,6,Comet White,4.4,14999,17999,6.0,64.0,16.67,3000,2499.83,234.36,0,0
realme,1,Diamond Black,4.3,10999,14990,6.0,128.0,26.62,3991,1833.17,85.93,0,0
realme,3,Diamond Red,4.5,8499,10999,3.0,32.0,22.73,2500,2833.0,265.59,0,1
realme,6i ,Lunar White,4.4,12999,14999,4.0,64.0,13.33,2000,3249.75,203.11,0,0
realme,X2 ,Pearl White,4.5,17999,17999,4.0,64.0,0.0,0,4499.75,281.23,0,0
realme,1,Moonlight Silver,0.0,10999,12990,3.0,32.0,15.33,1991,3666.33,343.72,0,0
realme,5i ,Aqua Blue,4.5,10999,10999,4.0,64.0,0.0,0,2749.75,171.86,0,0
realme,1,Black,4.4,10990,14990,4.0,64.0,26.68,4000,2747.5,171.72,0,0
realme,1,Moonlight Silver,4.3,10990,14990,6.0,128.0,26.68,4000,1831.67,85.86,0,0
realme,1,Diamond Black,0.0,11990,12990,3.0,32.0,7.7,1000,3996.67,374.69,0,0
realme,1,Diamond Red,0.0,11900,12990,3.0,32.0,8.39,1090,3966.67,371.88,0,0
realme,X ,Space Blue,4.5,17999,17999,4.0,128.0,0.0,0,4499.75,140.62,0,0
realme,Narzo 50i ,Mint Green,4.3,7499,7999,2.0,32.0,6.25,500,3749.5,234.34,0,1
realme,Narzo 50i ,Carbon Black,4.3,7499,7999,2.0,32.0,6.25,500,3749.5,234.34,0,1
realme,Narzo 50A ,Oxygen Blue,4.3,12499,13999,4.0,128.0,10.72,1500,3124.75,97.65,0,0
realme,Narzo 50A ,Oxygen Green,4.3,11499,12999,4.0,64.0,11.54,1500,2874.75,179.67,0,0
realme,Narzo 50A ,Oxygen Blue,4.3,11499,12999,4.0,64.0,11.54,1500,2874.75,179.67,0,0
realme,2,Diamond Black,4.5,9990,9990,3.0,32.0,0.0,0,3330.0,312.19,0,1
realme,2,Diamond Red,4.5,9990,9990,3.0,32.0,0.0,0,3330.0,312.19,0,1
realme,X2 ,Pearl Green,4.5,20999,20999,8.0,128.0,0.0,0,2624.88,164.05,0,0
realme,X ,Space Blue,4.5,20999,20999,8.0,128.0,0.0,0,2624.88,164.05,0,0
realme,Narzo 50A ,Oxygen Green,4.3,12499,13999,4.0,128.0,10.72,1500,3124.75,97.65,0,0
realme,C21Y ,Cross Black,0.0,8999,9999,3.0,32.0,10.0,1000,2999.67,281.22,0,1
realme,C21Y ,Cross Blue,0.0,8999,9999,3.0,32.0,10.0,1000,2999.67,281.22,0,1
realme,Narzo 30A ,Laser Blue,4.3,10499,10999,4.0,64.0,4.55,500,2624.75,164.05,0,0
realme,Narzo 30A ,Laser Black,4.3,10499,10999,4.0,64.0,4.55,500,2624.75,164.05,0,0
realme,Narzo 30A ,Laser Blue,4.3,8999,9999,3.0,32.0,10.0,1000,2999.67,281.22,0,1
realme,C15 ,Power Silver,4.4,10999,12999,4.0,64.0,15.39,2000,2749.75,171.86,0,0
realme,C15 ,Power Blue,4.4,10999,12999,4.0,64.0,15.39,2000,2749.75,171.86,0,0
realme,8 Pro ,Infinite Blue,4.3,17999,19999,6.0,128.0,10.0,2000,2999.83,140.62,0,0
realme,8,Cyber Silver,4.3,15999,16999,4.0,128.0,5.88,1000,3999.75,124.99,0,0
realme,C15 ,Power Silver,4.3,9999,11999,3.0,32.0,16.67,2000,3333.0,312.47,0,1
realme,8 Pro ,Illuminating Yellow,4.4,19999,21999,8.0,128.0,9.09,2000,2499.88,156.24,0,0
realme,8 Pro ,Illuminating Yellow,4.3,17999,19999,6.0,128.0,10.0,2000,2999.83,140.62,0,0
realme,C25 ,Watery Grey,4.4,9999,10999,4.0,64.0,9.09,1000,2499.75,156.23,0,1
realme,C25 ,Watery Blue,4.4,9999,10999,4.0,64.0,9.09,1000,2499.75,156.23,0,1
realme,C3 ,Volcano Grey,4.4,9999,9999,4.0,64.0,0.0,0,2499.75,156.23,0,1
realme,C3 ,Volcano Grey,4.4,8999,8999,3.0,32.0,0.0,0,2999.67,281.22,0,1
realme,C3 ,Frozen Blue,4.4,10999,10999,4.0,64.0,0.0,0,2749.75,171.86,0,0
realme,C3 ,Blazing Red,4.4,8999,8999,3.0,32.0,0.0,0,2999.67,281.22,0,1
realme,C25 ,Watery Blue,4.4,10999,11999,4.0,128.0,8.33,1000,2749.75,85.93,0,0
realme,C25 ,Watery Grey,4.4,10999,11999,4.0,128.0,8.33,1000,2749.75,85.93,0,0
realme,5 Pro ,Crystal Green,4.5,14999,15999,6.0,64.0,6.25,1000,2499.83,234.36,0,0
realme,C12 ,Power Silver,4.4,10999,10999,4.0,64.0,0.0,0,2749.75,171.86,0,0
realme,7i ,Fusion Blue,4.3,13999,13999,4.0,64.0,0.0,0,3499.75,218.73,0,0
realme,7,Mist White,4.3,17999,20999,8.0,128.0,14.29,3000,2249.88,140.62,0,0
realme,5 Pro ,Chroma White,4.5,14999,15999,6.0,64.0,6.25,1000,2499.83,234.36,0,0
realme,3i ,Diamond Black,4.4,10499,10999,4.0,64.0,4.55,500,2624.75,164.05,0,0
realme,3i ,Diamond Red,4.4,8499,8999,3.0,32.0,5.56,500,2833.0,265.59,0,1
realme,5 Pro ,Crystal Green,4.5,16999,17999,8.0,128.0,5.56,1000,2124.88,132.8,0,0
realme,C12 ,Power Blue,4.4,10999,10999,4.0,64.0,0.0,0,2749.75,171.86,0,0
realme,7,Mist White,4.3,14999,17999,6.0,64.0,16.67,3000,2499.83,234.36,0,0
realme,7 Pro ,Sun Kissed Leather,4.4,19999,20999,6.0,128.0,4.76,1000,3333.17,156.24,0,0
realme,Narzo 20 Pro ,Black Ninja,4.3,16999,18999,8.0,128.0,10.53,2000,2124.88,132.8,0,0
realme,Narzo 20 Pro ,White Knight,4.3,14999,16999,6.0,64.0,11.77,2000,2499.83,234.36,0,0
realme,Narzo 20 Pro ,White Knight,4.3,16999,18999,8.0,128.0,10.53,2000,2124.88,132.8,0,0
realme,7i ,Fusion Blue,4.3,14999,14999,4.0,128.0,0.0,0,3749.75,117.18,0,0
realme,X3 SuperZoom ,Arctic White,4.3,27999,29999,8.0,128.0,6.67,2000,3499.88,218.74,0,0
realme,Narzo 20A ,Glory Silver,4.3,8499,10999,3.0,32.0,22.73,2500,2833.0,265.59,0,1
realme,Narzo 20 ,Glory Silver,4.3,10499,12999,4.0,64.0,19.23,2500,2624.75,164.05,0,0
realme,Narzo 20 ,Victory Blue,4.3,10499,12999,4.0,64.0,19.23,2500,2624.75,164.05,0,0
realme,Narzo 20A ,Glory Silver,4.4,9499,11999,4.0,64.0,20.84,2500,2374.75,148.42,0,1
realme,Narzo 20 ,Glory Silver,4.3,11499,13999,4.0,128.0,17.86,2500,2874.75,89.84,0,0
realme,Narzo 10A ,So White,4.5,9999,10999,4.0,64.0,9.09,1000,2499.75,156.23,0,1
realme,Narzo 10 ,That Green,4.5,11999,12999,4.0,128.0,7.69,1000,2999.75,93.74,0,0
realme,Narzo 10 ,That White,4.5,11999,12999,4.0,128.0,7.69,1000,2999.75,93.74,0,0
realme,Narzo 20 ,Victory Blue,4.3,11499,13999,4.0,128.0,17.86,2500,2874.75,89.84,0,0
realme,Narzo 20A ,Victory Blue,4.4,9499,11999,4.0,64.0,20.84,2500,2374.75,148.42,0,1
realme,C2 ,Diamond Black,4.4,6499,6999,2.0,16.0,7.14,500,3249.5,406.19,0,1
realme,Narzo 20A ,Victory Blue,4.3,8499,10999,3.0,32.0,22.73,2500,2833.0,265.59,0,1
realme,6 Pro ,Lightning Red,4.4,19999,19999,8.0,128.0,0.0,0,2499.88,156.24,0,0
realme,Narzo 10A ,So Blue,4.5,8999,9999,3.0,32.0,10.0,1000,2999.67,281.22,0,1
realme,6,Comet White,4.4,15999,16999,6.0,128.0,5.88,1000,2666.5,124.99,0,0
realme,Narzo 10A ,So White,4.5,8999,9999,3.0,32.0,10.0,1000,2999.67,281.22,0,1
realme,Narzo 10 ,That Blue,4.5,11999,12999,4.0,128.0,7.69,1000,2999.75,93.74,0,0
realme,6,Comet Blue,4.4,13999,14999,4.0,64.0,6.67,1000,3499.75,218.73,0,0
realme,U1 ,Ambitious Black,4.4,8285,8285,3.0,32.0,0.0,0,2761.67,258.91,0,1
realme,U1 ,Fiery Gold,4.4,8490,8490,3.0,32.0,0.0,0,2830.0,265.31,0,1
realme,6,Comet White,4.4,16999,17999,8.0,128.0,5.56,1000,2124.88,132.8,0,0
realme,X2 Pro ,Lunar White,4.5,31999,31999,8.0,128.0,0.0,0,3999.88,249.99,1,0
realme,6,Comet White,4.4,13999,14999,4.0,64.0,6.67,1000,3499.75,218.73,0,0
realme,U1 ,Brave Blue,4.4,9999,15499,4.0,64.0,35.49,5500,2499.75,156.23,0,1
realme,6 Pro ,Lightning Blue,4.4,17999,17999,6.0,64.0,0.0,0,2999.83,281.23,0,0
realme,1,Solar Red,4.3,12799,12799,6.0,128.0,0.0,0,2133.17,99.99,0,0
realme,U1 ,Fiery Gold,4.4,11990,15499,4.0,64.0,22.64,3509,2997.5,187.34,0,0
realme,5s ,Crystal Blue,4.5,11999,12999,4.0,128.0,7.69,1000,2999.75,93.74,0,0
realme,C3 ,Blazing Red,4.4,10999,10999,4.0,64.0,0.0,0,2749.75,171.86,0,0
realme,X3 ,Glacier Blue,4.4,25999,27999,8.0,128.0,7.14,2000,3249.88,203.12,0,0
realme,U1 ,Fiery Gold,4.4,11999,11999,3.0,64.0,0.0,0,3999.67,187.48,0,0
realme,2,Diamond Blue,4.4,11990,11990,4.0,64.0,0.0,0,2997.5,187.34,0,0
realme,1,Diamond Red,4.4,9490,9490,4.0,64.0,0.0,0,2372.5,148.28,0,1
realme,6 Pro ,Lightning Red,4.4,17999,17999,6.0,64.0,0.0,0,2999.83,281.23,0,0
realme,X2 ,Pearl Green,4.5,17999,17999,4.0,64.0,0.0,0,4499.75,281.23,0,0
realme,X2 ,Pearl Blue,4.5,17999,17999,4.0,64.0,0.0,0,4499.75,281.23,0,0
realme,6 Pro ,Lightning Blue,4.4,19999,19999,8.0,128.0,0.0,0,2499.88,156.24,0,0
realme,C2 ,Diamond Blue,4.4,7499,8999,3.0,32.0,16.67,1500,2499.67,234.34,0,1
realme,C2 ,Diamond Sapphire,4.4,7499,8999,3.0,32.0,16.67,1500,2499.67,234.34,0,1
realme,C2 ,Diamond Ruby,4.4,7499,8999,3.0,32.0,16.67,1500,2499.67,234.34,0,1
realme,5i ,Forest Green,4.5,10999,10999,4.0,64.0,0.0,0,2749.75,171.86,0,0
realme,X2 ,Pearl Blue,4.5,19999,19999,6.0,128.0,0.0,0,3333.17,156.24,0,0
realme,6 Pro ,Lightning Red,4.4,18999,18999,6.0,128.0,0.0,0,3166.5,148.43,0,0
realme,6 Pro ,Lightning Orange,4.4,18999,18999,6.0,128.0,0.0,0,3166.5,148.43,0,0
realme,X2 ,Pearl White,4.5,20999,20999,8.0,128.0,0.0,0,2624.88,164.05,0,0
realme,6 Pro ,Lightning Orange,4.4,19499,19499,8.0,128.0,0.0,0,2437.38,152.34,0,0
realme,6i ,Eclipse Black,4.4,12999,14999,4.0,64.0,13.33,2000,3249.75,203.11,0,0
realme,6 Pro ,Lightning Blue,4.4,18999,18999,6.0,128.0,0.0,0,3166.5,148.43,0,0
realme,3,Radiant Blue,4.5,9499,11999,3.0,64.0,20.84,2500,3166.33,148.42,0,1
realme,X3 ,Glacier Blue,4.4,24999,26999,6.0,128.0,7.41,2000,4166.5,195.3,0,0
realme,X2 ,Pearl White,4.5,24999,24999,8.0,256.0,0.0,0,3124.88,97.65,0,0
realme,X2 ,Pearl White,4.5,19999,19999,6.0,128.0,0.0,0,3333.17,156.24,0,0
realme,X2 ,Pearl Blue,4.5,20999,20999,8.0,128.0,0.0,0,2624.88,164.05,0,0
realme,X2 ,Pearl Green,4.5,19999,19999,6.0,128.0,0.0,0,3333.17,156.24,0,0
realme,X2 ,Pearl Blue,4.5,24999,24999,8.0,256.0,0.0,0,3124.88,97.65,0,0
realme,5i ,Forest Green,4.5,11999,11999,4.0,128.0,0.0,0,2999.75,93.74,0,0
realme,X2 Pro ,Red Brick,4.6,36999,36999,12.0,256.0,0.0,0,3083.25,144.53,1,0
realme,X2 Pro ,Concrete,4.6,36999,36999,12.0,256.0,0.0,0,3083.25,144.53,1,0
realme,5i ,Aqua Blue,4.5,11999,11999,4.0,128.0,0.0,0,2999.75,93.74,0,0
realme,3,Dynamic Black,4.4,10499,12999,4.0,64.0,19.23,2500,2624.75,164.05,0,0
realme,3,Black,4.5,8499,10999,3.0,32.0,22.73,2500,2833.0,265.59,0,1
realme,3,Black,4.4,10499,12999,4.0,64.0,19.23,2500,2624.75,164.05,0,0
realme,3,Dynamic Black,4.5,9499,11999,3.0,64.0,20.84,2500,3166.33,148.42,0,1
realme,3,Diamond Red,4.4,9499,12999,4.0,64.0,26.93,3500,2374.75,148.42,0,1
realme,3,Radiant Blue,4.4,10499,12999,4.0,64.0,19.23,2500,2624.75,164.05,0,0
realme,3,Dynamic Black,4.5,8499,10999,3.0,32.0,22.73,2500,2833.0,265.59,0,1
realme,Narzo 10A ,So Blue,4.5,9999,10999,4.0,64.0,9.09,1000,2499.75,156.23,0,1
realme,X ,Garlic,4.5,20999,20999,8.0,128.0,0.0,0,2624.88,164.05,0,0
realme,X ,Onion,4.5,20999,20999,8.0,128.0,0.0,0,2624.88,164.05,0,0
realme,X ,Polar White,4.5,17999,17999,4.0,128.0,0.0,0,4499.75,140.62,0,0
realme,X2 Pro ,Lunar White,4.6,35999,35999,12.0,256.0,0.0,0,2999.92,140.62,1,0
realme,X2 Pro ,Neptune Blue,4.6,35999,35999,12.0,256.0,0.0,0,2999.92,140.62,1,0
realme,X2 Pro ,Neptune Blue,4.5,31999,31999,8.0,128.0,0.0,0,3999.88,249.99,1,0
realme,Narzo 50i ,Mint Green,4.3,8999,9999,4.0,64.0,10.0,1000,2249.75,140.61,0,1
realme,Narzo 50i ,Carbon Black,4.3,8999,9999,4.0,64.0,10.0,1000,2249.75,140.61,0,1
realme,2,Diamond Black,4.4,11990,11990,4.0,64.0,0.0,0,2997.5,187.34,0,0
realme,U1 ,Brave Blue,4.4,9999,11999,3.0,64.0,16.67,2000,3333.0,156.23,0,1
realme,X2 ,Pearl Green,4.5,24999,24999,8.0,256.0,0.0,0,3124.88,97.65,0,0
realme,1,Silver,4.4,11490,12990,4.0,64.0,11.55,1500,2872.5,179.53,0,0
realme,3,Radiant Blue,4.5,8499,10999,3.0,32.0,22.73,2500,2833.0,265.59,0,1
realme,3,Radiant Blue,4.5,8499,10999,3.0,32.0,22.73,2500,2833.0,265.59,0,1
realme,6i ,Lunar White,4.4,13999,15999,6.0,64.0,12.5,2000,2333.17,218.73,0,0
realme,X ,Super Polar White,4.5,21999,21999,8.0,128.0,0.0,0,2749.88,171.87,0,0
realme,X ,Onion,4.5,20999,20999,8.0,128.0,0.0,0,2624.88,164.05,0,0
realme,X ,Polar White,4.5,20999,20999,8.0,128.0,0.0,0,2624.88,164.05,0,0
GIONEE,Max ,Royal Blue,4.1,6299,7990,2.0,32.0,21.16,1691,3149.5,196.84,0,1
GIONEE,Max ,Black,4.1,6299,7990,2.0,32.0,21.16,1691,3149.5,196.84,0,1
GIONEE,Max ,Red,4.1,6299,7990,2.0,32.0,21.16,1691,3149.5,196.84,0,1
GIONEE,Max Pro ,Blue,3.8,7299,9999,3.0,32.0,27.0,2700,2433.0,228.09,0,1
GIONEE,Max Pro ,Red,3.8,7299,9999,3.0,32.0,27.0,2700,2433.0,228.09,0,1
GIONEE,Max Pro ,Black,3.8,7299,9999,3.0,32.0,27.0,2700,2433.0,228.09,0,1
GIONEE,F8 Neo ,Black,3.9,6499,6499,2.0,32.0,0.0,0,3249.5,203.09,0,1
GIONEE,F103 Pro ,White,3.9,8999,8999,3.0,16.0,0.0,0,2999.67,562.44,0,1
GIONEE,F205 Pro ,Champagne,4.1,6990,6990,2.0,16.0,0.0,0,3495.0,436.88,0,1
GIONEE,A1 ,Grey,4.0,21499,21499,4.0,64.0,0.0,0,5374.75,335.92,0,0
GIONEE,S11 Lite ,Dark Blue,4.0,8750,8750,4.0,32.0,0.0,0,2187.5,273.44,0,1
GIONEE,S11 Lite ,Black,4.0,8690,8690,4.0,32.0,0.0,0,2172.5,271.56,0,1
GIONEE,F8 Neo ,Blue,3.9,5499,5499,2.0,32.0,0.0,0,2749.5,171.84,0,1
GIONEE,F8 Neo ,Red,3.9,5666,5666,2.0,32.0,0.0,0,2833.0,177.06,0,1
GIONEE,F11 ,Blue,4.0,6490,6490,3.0,32.0,0.0,0,2163.33,202.81,0,1
GIONEE,F11 ,Black,4.0,6899,6950,3.0,32.0,0.73,51,2299.67,215.59,0,1
GIONEE,F10 Plus ,Oxford Blue,0.0,8590,8590,3.0,32.0,0.0,0,2863.33,268.44,0,1
GIONEE,F10 Plus ,Rainbow Black,0.0,8590,8590,3.0,32.0,0.0,0,2863.33,268.44,0,1
GIONEE,L800,Black,4.0,2199,2199,0.0078125,0.015625,0.0,0,281472.0,140736.0,0,1
GIONEE,L800,Black,4.0,2199,2199,0.0078125,0.015625,0.0,0,281472.0,140736.0,0,1
GIONEE,Pioneer P5W ,Red,3.1,4150,7250,1.0,16.0,42.76,3100,4150.0,259.38,0,1
GIONEE,S96,Black,3.9,3150,3150,0.0625,0.125,0.0,0,50400.0,25200.0,0,1
GIONEE,L700,Black,3.9,1890,1890,0.0078125,0.015625,0.0,0,241920.0,120960.0,0,1
GIONEE,P5L ,Gold,3.7,4290,4290,1.0,16.0,0.0,0,4290.0,268.12,0,1
GIONEE,Pioneer P3 ,White,3.6,2350,7996,0.5,4.0,70.61,5646,4700.0,587.5,0,1
GIONEE,S96,Black,3.9,2490,2490,0.0625,0.125,0.0,0,39840.0,19920.0,0,1
GIONEE,P5L ,Black,3.7,3990,3990,1.0,16.0,0.0,0,3990.0,249.38,0,1
GIONEE,P5L ,White,3.7,5199,5199,1.0,16.0,0.0,0,5199.0,324.94,0,1
GIONEE,P2S ,Black,3.6,2450,2450,0.5,4.0,0.0,0,4900.0,612.5,0,1
GIONEE,P5 Mini ,Black,3.8,3490,3490,1.0,8.0,0.0,0,3490.0,436.25,0,1
GIONEE,P5 Mini ,Red,3.8,3990,3990,1.0,8.0,0.0,0,3990.0,498.75,0,1
GIONEE,P5_W ,Blue,3.8,4190,7238,1.0,16.0,42.11,3048,4190.0,261.88,0,1
GIONEE,L700,Black,3.9,1099,1099,0.0078125,0.015625,0.0,0,140672.0,70336.0,0,1
GIONEE,F9 ,Black,4.2,7900,7900,3.0,32.0,0.0,0,2633.33,246.88,0,1
GIONEE,F9 ,Champagne,4.2,7900,7900,3.0,32.0,0.0,0,2633.33,246.88,0,1
GIONEE,S96,Black,3.7,1099,1999,0.0078125,0.015625,45.02,900,140672.0,70336.0,0,1
GIONEE,P5_W ,Gold,3.8,4190,4190,1.0,16.0,0.0,0,4190.0,261.88,0,1
GIONEE,X-1 ,Black,4.0,4650,4650,2.0,16.0,0.0,0,2325.0,290.62,0,1
GIONEE,F205 Pro ,Black,4.1,6990,6990,2.0,16.0,0.0,0,3495.0,436.88,0,1
GIONEE,M5 Lite 4G ,Blue,4.1,7290,7290,3.0,32.0,0.0,0,2430.0,227.81,0,1
GIONEE,S11 Lite ,Gold,4.0,15490,15490,4.0,32.0,0.0,0,3872.5,484.06,0,0
GIONEE,F103 Pro ,Grey,3.9,5290,5290,3.0,16.0,0.0,0,1763.33,330.62,0,1
GIONEE,F103 Pro ,Gold,3.9,5290,5290,3.0,16.0,0.0,0,1763.33,330.62,0,1
GIONEE,P7 ,Grey,3.8,4750,4750,2.0,16.0,0.0,0,2375.0,296.88,0,1
GIONEE,P7 ,Gold,3.8,4450,4450,2.0,16.0,0.0,0,2225.0,278.12,0,1
GIONEE,P7 ,White,3.8,4990,4990,2.0,16.0,0.0,0,2495.0,311.88,0,1
GIONEE,P5_W ,Black,3.8,2799,2799,1.0,16.0,0.0,0,2799.0,174.94,0,1
GIONEE,A1 Plus ,Black,4.1,16499,16499,4.0,64.0,0.0,0,4124.75,257.8,0,0
GIONEE,A1 Plus ,Mocha Gold,4.1,10499,10499,4.0,64.0,0.0,0,2624.75,164.05,0,0
GIONEE,Pioneer P4 ,Black,3.8,7150,7150,1.0,8.0,0.0,0,7150.0,893.75,0,1
GIONEE,Pioneer P3S ,Gold,3.8,4999,4999,1.0,16.0,0.0,0,4999.0,312.44,0,1
GIONEE,P5 Mini ,White,3.8,2999,2999,1.0,8.0,0.0,0,2999.0,374.88,0,1
GIONEE,X1s ,Black,4.0,6475,6475,3.0,16.0,0.0,0,2158.33,404.69,0,1
GIONEE,F10 ,Blue,4.1,7990,7990,3.0,32.0,0.0,0,2663.33,249.69,0,1
GIONEE,F205 ,Black,4.0,8479,8479,2.0,16.0,0.0,0,4239.5,529.94,0,1
GIONEE,F205 ,Black and Gold,4.0,8479,8479,2.0,16.0,0.0,0,4239.5,529.94,0,1
GIONEE,A1 Lite ,Gold,3.9,11499,11499,3.0,32.0,0.0,0,3833.0,359.34,0,0
GIONEE,A1 Lite ,Black,3.9,11499,11499,3.0,32.0,0.0,0,3833.0,359.34,0,0
GIONEE,F205 Pro ,Blue,4.1,6990,6990,2.0,16.0,0.0,0,3495.0,436.88,0,1
GIONEE,X1s ,Gold,4.0,6450,6450,3.0,16.0,0.0,0,2150.0,403.12,0,1
GIONEE,P2S ,White,3.6,2650,2650,0.5,4.0,0.0,0,5300.0,662.5,0,1
GIONEE,Elife S7 ,Black,4.1,15999,15999,2.0,16.0,0.0,0,7999.5,999.94,0,0
GIONEE,Pioneer P4 ,White,3.8,4850,4850,1.0,8.0,0.0,0,4850.0,606.25,0,1
GIONEE,P5L ,Yellow,3.7,3990,7999,1.0,16.0,50.12,4009,3990.0,249.38,0,1
GIONEE,X-1 ,Gold,4.0,5149,5149,2.0,16.0,0.0,0,2574.5,321.81,0,1
GIONEE,Marathon M5 lite CDMA ,Gold,3.9,13649,13649,3.0,32.0,0.0,0,4549.67,426.53,0,0
GIONEE,Marathon ,Grey,4.4,11999,11999,2.0,16.0,0.0,0,5999.5,749.94,0,0
GIONEE,Marathon M3 ,White,3.8,9599,9599,1.0,8.0,0.0,0,9599.0,1199.88,0,1
GIONEE,M7 Power ,Gold,4.1,15399,15399,4.0,64.0,0.0,0,3849.75,240.61,0,0
GIONEE,S10 Lite ,Gold,3.9,6399,6399,4.0,32.0,0.0,0,1599.75,199.97,0,1
GIONEE,S6S ,Mocha Gold,4.0,15999,15999,3.0,32.0,0.0,0,5333.0,499.97,0,0
GIONEE,M3 ,Black,4.1,9599,9599,1.0,8.0,0.0,0,9599.0,1199.88,0,1
GIONEE,S6S ,Latte Gold,4.0,15999,15999,3.0,32.0,0.0,0,5333.0,499.97,0,0
GIONEE,S Plus ,Gold,3.7,7350,18279,3.0,16.0,59.79,10929,2450.0,459.38,0,1
GIONEE,Elife E8 ,Gold,3.9,8990,8990,3.0,64.0,0.0,0,2996.67,140.47,0,1
GIONEE,F9 Plus ,Blue,4.1,9490,9490,3.0,32.0,0.0,0,3163.33,296.56,0,1
GIONEE,F9 Plus ,Black,4.1,9490,9490,3.0,32.0,0.0,0,3163.33,296.56,0,1
GIONEE,M7 Power ,Black,4.1,7899,7899,4.0,64.0,0.0,0,1974.75,123.42,0,1
GIONEE,Pioneer P4S ,Black,3.5,3999,3999,1.0,8.0,0.0,0,3999.0,499.88,0,1
GIONEE,Marathon M5 Lite ,Gold,3.8,5990,5990,3.0,32.0,0.0,0,1996.67,187.19,0,1
GIONEE,M7 Power ,Blue,4.1,9250,9250,4.0,64.0,0.0,0,2312.5,144.53,0,1
GIONEE,F9 ,Blue,4.2,7900,7900,3.0,32.0,0.0,0,2633.33,246.88,0,1
GIONEE,P7 Max ,Gold,3.9,5999,5999,3.0,32.0,0.0,0,1999.67,187.47,0,1
GIONEE,A1 Plus ,Gold,4.1,10499,10499,4.0,64.0,0.0,0,2624.75,164.05,0,0
GIONEE,S Plus ,White,3.7,5555,5555,3.0,16.0,0.0,0,1851.67,347.19,0,1
GIONEE,A1 ,Gold,4.0,7675,8999,4.0,64.0,14.71,1324,1918.75,119.92,0,1
GIONEE,A1 ,Black,4.0,7899,7899,4.0,64.0,0.0,0,1974.75,123.42,0,1
GIONEE,M7 ,Gold,2.7,9290,9290,6.0,64.0,0.0,0,1548.33,145.16,0,1
GIONEE,P7 Max ,Grey,3.9,5950,5950,3.0,32.0,0.0,0,1983.33,185.94,0,1
GIONEE,F103 3GB Version ,White,3.5,6598,6598,3.0,16.0,0.0,0,2199.33,412.38,0,1
GIONEE,S6 ,Silver,3.8,7999,7999,3.0,32.0,0.0,0,2666.33,249.97,0,1
GIONEE,S6 Pro ,Gold,3.6,7997,7997,4.0,64.0,0.0,0,1999.25,124.95,0,1
GIONEE,F103 ,Pearl White,4.0,4489,9999,2.0,16.0,55.11,5510,2244.5,280.56,0,1
GIONEE,S11 ,Royal Blue,2.8,8539,8549,4.0,64.0,0.12,10,2134.75,133.42,0,1
GIONEE,S11 ,Gold,2.8,8389,8389,4.0,64.0,0.0,0,2097.25,131.08,0,1
GIONEE,V4S ,Black,3.5,3499,3499,1.0,8.0,0.0,0,3499.0,437.38,0,1
GIONEE,S6 Pro ,Rose Gold,3.6,8000,8000,4.0,32.0,0.0,0,2000.0,250.0,0,1
GIONEE,X1s ,Blue,4.0,6999,6999,3.0,16.0,0.0,0,2333.0,437.44,0,1
GIONEE,Marathon M5 Plus ,Champagne Gold,4.1,14999,14999,3.0,64.0,0.0,0,4999.67,234.36,0,0
GIONEE,F10 ,Black,4.1,6660,7990,3.0,32.0,16.65,1330,2220.0,208.12,0,1
GIONEE,Marathon M5 Plus ,Polar Gold,4.1,8499,28099,3.0,64.0,69.75,19600,2833.0,132.8,0,1
GIONEE,Ctrl V5 ,White,3.8,4790,4790,8.0,0.001953125,0.0,0,598.75,2452480.0,0,1
GIONEE,P5L ,Blue,3.7,4899,8999,1.0,16.0,45.56,4100,4899.0,306.19,0,1
GIONEE,F103 ,Black,4.0,4599,4599,2.0,16.0,0.0,0,2299.5,287.44,0,1
GIONEE,P5 Mini ,Gold,3.8,3599,3599,1.0,8.0,0.0,0,3599.0,449.88,0,1
GIONEE,P5 Mini ,Blue,3.8,3599,3599,1.0,8.0,0.0,0,3599.0,449.88,0,1
GIONEE,M7 ,Blue,2.7,9964,9974,6.0,64.0,0.1,10,1660.67,155.69,0,1
GIONEE,P5L ,Red,3.7,9199,9199,1.0,16.0,0.0,0,9199.0,574.94,0,1
GIONEE,M7 Power ,Blue,4.1,7999,7999,4.0,64.0,0.0,0,1999.75,124.98,0,1
GIONEE,P5 Mini ,Yellow,3.8,3490,5999,1.0,8.0,41.82,2509,3490.0,436.25,0,1
GIONEE,Marathon M5 Plus ,CHAMPAGNE GOLD,4.1,11999,11999,3.0,64.0,0.0,0,3999.67,187.48,0,0
GIONEE,G3 ,Black,2.8,10990,10990,1.0,4.0,0.0,0,10990.0,2747.5,0,0
GIONEE,P5_W ,White,3.8,2799,2799,1.0,16.0,0.0,0,2799.0,174.94,0,1
GIONEE,F103 3Gb Version ,Black,3.5,7999,7999,3.0,16.0,0.0,0,2666.33,499.94,0,1
GIONEE,Elife E7 Mini ,White,3.8,9999,9999,1.0,16.0,0.0,0,9999.0,624.94,0,1
GIONEE,Ctrl V4S ,White,3.6,3999,3999,1.0,8.0,0.0,0,3999.0,499.88,0,1
GIONEE,M2 ,White,4.2,11500,11500,1.0,4.0,0.0,0,11500.0,2875.0,0,0
GIONEE,Elife S5.1 ,Blue,4.1,9999,9999,1.0,16.0,0.0,0,9999.0,624.94,0,1
GIONEE,Pioneer P3S ,Grey,3.8,3990,3990,1.0,16.0,0.0,0,3990.0,249.38,0,1
GIONEE,Elife E3 ,Blue,4.3,6500,6500,1.0,16.0,0.0,0,6500.0,406.25,0,1
GIONEE,Elife E3 ,White,4.3,4200,4200,1.0,16.0,0.0,0,4200.0,262.5,0,1
GIONEE,Pioneer P4S ,White,3.5,3499,3499,1.0,8.0,0.0,0,3499.0,437.38,0,1
GIONEE,Pioneer P2 ,Black,3.6,2290,2290,0.5,4.0,0.0,0,4580.0,572.5,0,1
GIONEE,Elife S7 ,White,4.1,15999,15999,2.0,16.0,0.0,0,7999.5,999.94,0,0
GIONEE,S6 ,Gold,3.8,7999,20924,3.0,32.0,61.77,12925,2666.33,249.97,0,1
GIONEE,S Plus ,Dark Blue,3.7,8950,8950,3.0,16.0,0.0,0,2983.33,559.38,0,1
GIONEE,Pioneer P6 ,Grey,3.7,4150,4150,1.0,8.0,0.0,0,4150.0,518.75,0,1
GIONEE,Pioneer P2 ,White,3.6,3490,3490,0.5,4.0,0.0,0,6980.0,872.5,0,1
GIONEE,S6 ,Rose Gold,3.8,6600,6600,3.0,32.0,0.0,0,2200.0,206.25,0,1
Nokia,105 DS 2020,Black,4.2,1349,1599,0.00390625,0.00390625,15.63,250,345344.0,345344.0,0,1
Nokia,TA-1010/105,Black,4.2,1340,1340,0.00390625,0.00390625,0.0,0,343040.0,343040.0,0,1
Nokia,TA-1010/105,Black,4.2,1332,1332,0.00390625,0.00390625,0.0,0,340992.0,340992.0,0,1
Nokia,105,Black,4.1,1344,1344,0.03125,0.001953125,0.0,0,43008.0,688128.0,0,1
Nokia,105 DS 2020,Black,4.2,1399,1599,0.00390625,0.00390625,12.51,200,358144.0,358144.0,0,1
Nokia,110 TA-1302 DS,Black,4.1,1695,1695,0.00390625,0.00390625,0.0,0,433920.0,433920.0,0,1
Nokia,216 DS,Black,4.2,2875,2999,0.015625,0.001953125,4.13,124,184000.0,1472000.0,0,1
Nokia,150 DS 2020,Black,4.1,2440,2510,0.00390625,0.00390625,2.79,70,624640.0,624640.0,0,1
Nokia,110 TA-1302 DS,Black,4.1,1680,1762,0.00390625,0.00390625,4.65,82,430080.0,430080.0,0,1
Nokia,110 4G,Black,0.0,2997,2997,0.125,0.046875,0.0,0,23976.0,63936.0,0,1
Nokia,110 4G,Black,0.0,2999,2999,0.125,0.046875,0.0,0,23992.0,63978.67,0,1
Nokia,150 TA-1235 DS,Black,4.1,2480,2599,0.00390625,0.00390625,4.58,119,634880.0,634880.0,0,1
Nokia,105 DS 2020,Black,4.2,1490,1490,0.00390625,0.00390625,0.0,0,381440.0,381440.0,0,1
Nokia,6310,Black,0.0,4199,4199,0.015625,0.0078125,0.0,0,268736.0,537472.0,0,1
Nokia,105 SS 2021,Black,4.2,1349,1349,0.00390625,0.00390625,0.0,0,345344.0,345344.0,0,1
Nokia,6310,Black,0.0,4049,4049,0.015625,0.0078125,0.0,0,259136.0,518272.0,0,1
Nokia,C01 Plus ,Blue,0.0,6499,6499,2.0,16.0,0.0,0,3249.5,406.19,0,1
Nokia,125 DS,Black,3.8,2249,2249,0.00390625,0.00390625,0.0,0,575744.0,575744.0,0,1
Nokia,5310ds,Black,4.1,3429,3445,0.0078125,0.015625,0.46,16,438912.0,219456.0,0,1
Nokia,3310 DS 2020,Black,3.8,3886,3886,0.015625,32.0,0.0,0,248704.0,121.44,0,1
Nokia,110 4G,Black,0.0,3075,3075,0.125,0.046875,0.0,0,24600.0,65600.0,0,1
Nokia,3.4,Fjord,3.9,11999,13999,4.0,64.0,14.29,2000,2999.75,187.48,0,0
Nokia,125 TA-1253 DS,Black,3.9,2142,2192,0.00390625,0.00390625,2.28,50,548352.0,548352.0,0,1
Nokia,150 DS 2020,Black,4.1,2533,2643,0.00390625,0.00390625,4.16,110,648448.0,648448.0,0,1
Nokia,110 TA-1302 DS,Black,4.1,1680,1680,0.00390625,0.00390625,0.0,0,430080.0,430080.0,0,1
Nokia,3310 DS 2020,Black,3.8,3999,3999,0.015625,32.0,0.0,0,255936.0,124.97,0,1
Nokia,C20 Plus ,Grey,3.8,9999,11099,3.0,32.0,9.91,1100,3333.0,312.47,0,1
Nokia,C01 Plus ,Blue,0.0,6499,6499,2.0,16.0,0.0,0,3249.5,406.19,0,1
Nokia,6310,Black,0.0,4049,4049,0.015625,0.0078125,0.0,0,259136.0,518272.0,0,1
Nokia,G20 ,Glacier Blue,0.0,13549,13549,4.0,64.0,0.0,0,3387.25,211.7,0,0
Nokia,5.4,Polar Night,3.9,14499,14499,6.0,64.0,0.0,0,2416.5,226.55,0,0
Nokia,3310 DS 2020,Black,3.8,3974,4179,0.015625,32.0,4.91,205,254336.0,124.19,0,1
Nokia,TA-1174 / TA-1299,Black,4.2,1149,1149,0.00390625,0.00390625,0.0,0,294144.0,294144.0,0,1
Nokia,2.4,Charcoal Grey,4.0,10399,11499,3.0,64.0,9.57,1100,3466.33,162.48,0,0
Nokia,C3 ,Nordic Blue,3.7,7290,7290,2.0,16.0,0.0,0,3645.0,455.62,0,1
Nokia,C20 Plus ,Grey,4.4,8999,10499,2.0,32.0,14.29,1500,4499.5,281.22,0,1
Nokia,C20 Plus ,Blue,3.8,9999,11099,3.0,32.0,9.91,1100,3333.0,312.47,0,1
Nokia,G10 ,Night | Dark Blue,0.0,12149,12149,4.0,64.0,0.0,0,3037.25,189.83,0,0
Nokia,G10 ,Dusk | Purple,0.0,12149,12149,4.0,64.0,0.0,0,3037.25,189.83,0,0
Nokia,125 DS 2020,Black,3.9,2349,2349,0.00390625,0.00390625,0.0,0,601344.0,601344.0,0,1
Nokia,C20 Plus ,Blue,4.4,8999,10499,2.0,32.0,14.29,1500,4499.5,281.22,0,1
Nokia,5310 TA-1212 DS,Black,4.2,3740,3740,0.0078125,0.015625,0.0,0,478720.0,239360.0,0,1
Nokia,C3 ,Sand,3.8,9999,9999,3.0,32.0,0.0,0,3333.0,312.47,0,1
Nokia,3.4,Dusk,3.9,11999,13999,4.0,64.0,14.29,2000,2999.75,187.48,0,0
Nokia,6310,Black,0.0,4400,4400,0.015625,0.0078125,0.0,0,281600.0,563200.0,0,1
Nokia,3.4,Charcoal,3.9,11999,13999,4.0,64.0,14.29,2000,2999.75,187.48,0,0
Nokia,216 DS 2020,Black,4.2,2499,2499,0.015625,0.015625,0.0,0,159936.0,159936.0,0,1
Nokia,215 4G DS 2020,Black,3.7,3162,3299,0.0625,0.125,4.15,137,50592.0,25296.0,0,1
Nokia,225 4g ds,Black,3.7,3896,3999,0.0625,0.125,2.58,103,62336.0,31168.0,0,1
Nokia,225 4G DS 2020,Black,3.7,4399,4399,0.0625,0.125,0.0,0,70384.0,35192.0,0,1
Nokia,216 DS 2020,Black,4.2,2450,2450,0.015625,0.015625,0.0,0,156800.0,156800.0,0,1
Nokia,C01 Plus ,Blue,0.0,6499,6499,2.0,16.0,0.0,0,3249.5,406.19,0,1
Nokia,5.4,Dusk,3.9,14499,18499,6.0,64.0,21.62,4000,2416.5,226.55,0,0
Nokia,2.3,Charcoal,4.0,9999,9999,2.0,32.0,0.0,0,4999.5,312.47,0,1
Nokia,215 4G DS,Black,3.6,3220,3220,0.0625,0.125,0.0,0,51520.0,25760.0,0,1
Nokia,9,Blue,3.8,56299,56299,6.0,128.0,0.0,0,9383.17,439.84,1,0
Nokia,5.4,Dusk,3.9,12999,16799,4.0,64.0,22.62,3800,3249.75,203.11,0,0
Nokia,5.4,Polar Night,3.9,12999,16799,4.0,64.0,22.62,3800,3249.75,203.11,0,0
Nokia,105 SS 2021,Black,4.2,1399,1399,0.00390625,0.00390625,0.0,0,358144.0,358144.0,0,1
Nokia,2.4,Fjord Blue,4.0,10399,11499,3.0,64.0,9.57,1100,3466.33,162.48,0,0
Nokia,2.4,Dusk Purple,4.0,10399,11499,3.0,64.0,9.57,1100,3466.33,162.48,0,0
Nokia,C3 ,Nordic Blue,3.8,7499,9999,3.0,32.0,25.0,2500,2499.67,234.34,0,1
Nokia,150,Black,4.2,2000,2000,0.00390625,0.00390625,0.0,0,512000.0,512000.0,0,1
Nokia,105 DS,Black,4.2,1400,1400,0.00390625,0.00390625,0.0,0,358400.0,358400.0,0,1
Nokia,215,Black,4.1,2200,2200,0.0078125,32.0,0.0,0,281600.0,68.75,0,1
Nokia,130,Black,4.2,1600,1600,0.00390625,0.0078125,0.0,0,409600.0,204800.0,0,1
Nokia,130,Black,4.2,1600,1600,0.00390625,0.001953125,0.0,0,409600.0,819200.0,0,1
Nokia,108 Dual SIM,Black,4.2,1900,1900,0.00390625,0.00390625,0.0,0,486400.0,486400.0,0,1
Nokia,107 Dual SIM,Black,4.2,1900,1900,0.00390625,16.0,0.0,0,486400.0,118.75,0,1
Nokia,105 DS,Black,4.2,1660,1700,0.00390625,0.00390625,2.35,40,424960.0,424960.0,0,1
Nokia,C3 ,Sand,3.7,7299,7299,2.0,16.0,0.0,0,3649.5,456.19,0,1
Nokia,G20 ,Night,0.0,14490,14490,4.0,64.0,0.0,0,3622.5,226.41,0,0
Nokia,150/150 DS,Black,4.2,1500,1500,0.00390625,0.00390625,0.0,0,384000.0,384000.0,0,1
Nokia,225 4G DS 2020,Black,3.7,3899,4399,0.0625,0.125,11.37,500,62384.0,31192.0,0,1
Nokia,3.2,Black,4.1,10499,10999,3.0,32.0,4.55,500,3499.67,328.09,0,0
Nokia,C01 Plus ,Blue,0.0,6499,6499,2.0,16.0,0.0,0,3249.5,406.19,0,1
Nokia,3310 DS 2020,Black,3.8,3499,3499,0.015625,32.0,0.0,0,223936.0,109.34,0,1
Nokia,5.1 Plus ,Black,4.3,13199,13199,3.0,32.0,0.0,0,4399.67,412.47,0,0
Nokia,130,Black,4.2,1625,1625,0.00390625,0.0078125,0.0,0,416000.0,208000.0,0,1
Nokia,Ta -1010/105,Black,4.2,1000,1000,0.00390625,0.00390625,0.0,0,256000.0,256000.0,0,1
Nokia,105,Black,4.3,1000,1000,0.00390625,0.00390625,0.0,0,256000.0,256000.0,0,1
Nokia,107 Dual SIM,Black,4.2,1860,1860,0.00390625,16.0,0.0,0,476160.0,116.25,0,1
Nokia,3.2,Black,3.8,9999,9999,2.0,16.0,0.0,0,4999.5,624.94,0,1
Nokia,3.2,Black,4.1,11999,11999,3.0,32.0,0.0,0,3999.67,374.97,0,0
Nokia,6.1,Copper,4.2,14927,14927,3.0,32.0,0.0,0,4975.67,466.47,0,0
Nokia,2.1,Black,4.0,6500,6500,1.0,8.0,0.0,0,6500.0,812.5,0,1
Nokia,5,Matte Black,4.1,12499,12499,3.0,16.0,0.0,0,4166.33,781.19,0,0
Nokia,1,Dark Blue,3.9,4800,4800,1.0,8.0,0.0,0,4800.0,600.0,0,1
Nokia,106,Black,3.9,1400,1400,0.0,0.001953125,0.0,0,inf,716800.0,0,1
Nokia,2.1,Grey / Silver,4.0,7739,7739,1.0,8.0,0.0,0,7739.0,967.38,0,1
Nokia,1,Warm Red,3.9,4672,4672,1.0,8.0,0.0,0,4672.0,584.0,0,1
Nokia,6.1,Gold,4.0,18300,18300,4.0,64.0,0.0,0,4575.0,285.94,0,0
Nokia,112,Black,4.1,3100,3100,0.015625,0.015625,0.0,0,198400.0,198400.0,0,1
Nokia,6,Matte Black,3.9,13999,13999,3.0,32.0,0.0,0,4666.33,437.47,0,0
Nokia,2,Copper/Black,3.8,7007,7007,1.0,8.0,0.0,0,7007.0,875.88,0,1
Nokia,2.1,Blue & Silver,4.0,7712,7712,1.0,8.0,0.0,0,7712.0,964.0,0,1
Nokia,3.1,Black,3.9,9999,9999,2.0,16.0,0.0,0,4999.5,624.94,0,1
Nokia,3.1,Black,3.9,10000,10000,2.0,16.0,0.0,0,5000.0,625.0,0,0
Nokia,3,Silver White,3.9,8588,8588,2.0,16.0,0.0,0,4294.0,536.75,0,1
Nokia,C01 Plus ,Blue,0.0,6499,6499,2.0,16.0,0.0,0,3249.5,406.19,0,1
Nokia,5.1,Black&Blue,4.0,16300,16300,3.0,32.0,0.0,0,5433.33,509.38,0,0
Nokia,C01 Plus ,Grey,0.0,5999,5999,2.0,16.0,0.0,0,2999.5,374.94,0,1
Nokia,2.3,Sand,4.0,9999,9999,2.0,32.0,0.0,0,4999.5,312.47,0,1
Nokia,2.3,Cyan Green,4.0,9999,9999,2.0,32.0,0.0,0,4999.5,312.47,0,1
Nokia,108 Dual SIM,Black,4.2,2149,2149,0.00390625,0.00390625,0.0,0,550144.0,550144.0,0,1
Nokia,215 4G DS 2020,Black,3.7,3599,3599,0.0625,0.125,0.0,0,57584.0,28792.0,0,1
Nokia,150/150 DS,Black,4.2,2540,2540,0.00390625,0.00390625,0.0,0,650240.0,650240.0,0,1
Nokia,2.3,Cyan Green,4.0,8449,8449,2.0,32.0,0.0,0,4224.5,264.03,0,1
Nokia,220,Black,4.0,2999,2999,0.0078125,0.001953125,0.0,0,383872.0,1535488.0,0,1
Nokia,2.2,Black,4.0,8599,8599,2.0,16.0,0.0,0,4299.5,537.44,0,1
Nokia,6.1,Gold,4.2,17979,17979,3.0,32.0,0.0,0,5993.0,561.84,0,0
Nokia,5,Copper,4.1,15299,15299,3.0,16.0,0.0,0,5099.67,956.19,0,0
Nokia,Lumia 920 ,Black,4.3,40699,40699,1.0,32.0,0.0,0,40699.0,1271.84,1,0
Nokia,3.1 Plus ,Charcoal,4.2,7088,12799,3.0,32.0,44.62,5711,2362.67,221.5,0,1
Nokia,3.1 Plus ,Baltic,4.2,10440,10440,3.0,32.0,0.0,0,3480.0,326.25,0,0
Nokia,Asha 503 ,White,3.8,7399,7399,0.5,32.0,0.0,0,14798.0,231.22,0,1
Nokia,110,Black,3.6,1599,1599,0.015625,0.009765625,0.0,0,102336.0,163737.6,0,1
Nokia,225,Black,4.0,3499,3499,0.0078125,32.0,0.0,0,447872.0,109.34,0,1
Nokia,2.2,Black,4.0,9599,9599,3.0,32.0,0.0,0,3199.67,299.97,0,1
Nokia,6.1,Iron,4.2,17979,17979,3.0,32.0,0.0,0,5993.0,561.84,0,0
Nokia,106,Black,4.2,1560,1560,0.00390625,0.00390625,0.0,0,399360.0,399360.0,0,1
Nokia,2.2,Steel,4.0,9599,9599,3.0,32.0,0.0,0,3199.67,299.97,0,1
Nokia,8110,Yellow,3.7,3400,8400,0.5,4.0,59.52,5000,6800.0,850.0,0,1
Nokia,C01 Plus ,Blue,0.0,6499,6499,2.0,16.0,0.0,0,3249.5,406.19,0,1
Nokia,3.2,Steel,4.1,12399,12399,3.0,32.0,0.0,0,4133.0,387.47,0,0
Nokia,2,Pewter / White,3.8,6295,6295,1.0,8.0,0.0,0,6295.0,786.88,0,1
Nokia,5.1 Plus ,White,4.3,13199,13199,3.0,32.0,0.0,0,4399.67,412.47,0,0
Nokia,6.1,Copper,4.0,12999,19999,4.0,32.0,35.0,7000,3249.75,406.22,0,0
Nokia,6.1,White,4.0,17000,17000,4.0,32.0,0.0,0,4250.0,531.25,0,0
Nokia,3,Tempered Blue,3.9,10899,10899,2.0,16.0,0.0,0,5449.5,681.19,0,0
Nokia,3,Matte Black,3.9,5290,5290,2.0,16.0,0.0,0,2645.0,330.62,0,1
Nokia,3.1 Plus ,White,4.2,7399,7399,3.0,32.0,0.0,0,2466.33,231.22,0,1
Nokia,8 Sirocco ,Black,4.3,29990,29990,6.0,128.0,0.0,0,4998.33,234.3,0,0
Nokia,5,Tempered Blue,4.1,16199,16199,3.0,16.0,0.0,0,5399.67,1012.44,0,0
Nokia,RM-1172 / Nokia 230 DS,Black,4.0,4196,4196,0.015625,0.25,0.0,0,268544.0,16784.0,0,1
Nokia,6,Silver,3.9,7999,7999,3.0,32.0,0.0,0,2666.33,249.97,0,1
Nokia,6.1,Gold,4.0,9500,9500,4.0,32.0,0.0,0,2375.0,296.88,0,1
Nokia,5.3,SAND,3.7,12999,12999,6.0,64.0,0.0,0,2166.5,203.11,0,0
Nokia,5.3,CYAN,3.7,12999,12999,6.0,64.0,0.0,0,2166.5,203.11,0,0
Nokia,Lumia 625 ,White,4.1,17599,17599,0.5,8.0,0.0,0,35198.0,2199.88,0,0
Nokia,3.1,Black,4.0,6990,6990,3.0,32.0,0.0,0,2330.0,218.44,0,1
Nokia,3.1,White,4.0,7490,13824,3.0,32.0,45.82,6334,2496.67,234.06,0,1
Nokia,6.1 Plus ,Blue,4.1,11990,16999,6.0,64.0,29.47,5009,1998.33,187.34,0,0
Nokia,Asha 311 ,Dark Grey,4.0,5999,6879,0.5,0.13671875,12.79,880,11998.0,43878.4,0,1
Nokia,8.1,Blue,4.3,28831,28831,4.0,64.0,0.0,0,7207.75,450.48,0,0
Nokia,7.2,Charcoal,4.1,19999,19999,4.0,64.0,0.0,0,4999.75,312.48,0,0
Nokia,7.2,Charcoal,4.1,20999,20999,6.0,64.0,0.0,0,3499.83,328.11,0,0
Nokia,C01 Plus ,Blue,0.0,6499,6499,2.0,16.0,0.0,0,3249.5,406.19,0,1
Nokia,7.2,Cyan Green,4.1,20999,20999,6.0,64.0,0.0,0,3499.83,328.11,0,0
Nokia,7.2,Ice,4.1,20999,20999,6.0,64.0,0.0,0,3499.83,328.11,0,0
Nokia,7.2,Ice,4.1,19999,19999,4.0,64.0,0.0,0,4999.75,312.48,0,0
Nokia,7.2,Cyan Green,4.1,19999,19999,4.0,64.0,0.0,0,4999.75,312.48,0,0
Nokia,8110,Black,3.7,3000,8400,0.5,4.0,64.29,5400,6000.0,750.0,0,1
Nokia,5,Silver,4.1,7139,7139,3.0,16.0,0.0,0,2379.67,446.19,0,1
Nokia,5.1,Gold,4.0,7890,15999,3.0,32.0,50.68,8109,2630.0,246.56,0,1
Nokia,5.3,CHARCOAL,3.5,10999,10999,4.0,64.0,0.0,0,2749.75,171.86,0,0
Nokia,7.1,Blue,4.1,11199,11199,4.0,64.0,0.0,0,2799.75,174.98,0,0
Nokia,5,Silver,4.0,6741,6741,2.0,16.0,0.0,0,3370.5,421.31,0,1
Nokia,5,Tempered Blue,4.0,6400,6400,2.0,16.0,0.0,0,3200.0,400.0,0,1
Nokia,5,Copper,4.0,6999,14190,2.0,16.0,50.68,7191,3499.5,437.44,0,1
Nokia,3.2,Steel,3.8,10199,10199,2.0,16.0,0.0,0,5099.5,637.44,0,0
Nokia,8.1,Blue,4.3,22999,35999,6.0,128.0,36.11,13000,3833.17,179.68,0,0
Nokia,8110 4G,Black,3.7,6699,6699,0.5,4.0,0.0,0,13398.0,1674.75,0,1
Nokia,X2 Dual SIM ,Bright Green,4.2,9999,9999,1.0,4.0,0.0,0,9999.0,2499.75,0,1
Nokia,6.1 Plus ,White,4.3,18599,18599,4.0,64.0,0.0,0,4649.75,290.61,0,0
Nokia,106,Black,3.9,1519,1519,0.0,0.001953125,0.0,0,inf,777728.0,0,1
Nokia,2.2,Steel,4.0,8599,8599,2.0,16.0,0.0,0,4299.5,537.44,0,1
Nokia,5.3,CYAN,3.5,11989,11989,4.0,64.0,0.0,0,2997.25,187.33,0,0
Nokia,5.1 Plus ,Black,4.3,13199,13199,3.0,32.0,0.0,0,4399.67,412.47,0,0
Nokia,5.1 Plus ,Black,4.1,9990,15999,4.0,64.0,37.56,6009,2497.5,156.09,0,1
Nokia,Lumia 510 ,Black,4.0,10999,10999,0.5,4.0,0.0,0,21998.0,2749.75,0,0
Nokia,C01 Plus ,Blue,0.0,6499,6499,2.0,16.0,0.0,0,3249.5,406.19,0,1
Nokia,7 Plus ,White & Copper,4.3,15999,15999,4.0,64.0,0.0,0,3999.75,249.98,0,0
Nokia,6,Matte Black,3.9,19499,19499,4.0,64.0,0.0,0,4874.75,304.67,0,0
Nokia,6.1 Plus ,Black,4.1,11490,17999,6.0,64.0,36.16,6509,1915.0,179.53,0,0
Nokia,5.3,CHARCOAL,3.7,12999,12999,6.0,64.0,0.0,0,2166.5,203.11,0,0
Nokia,Asha 206,Black,3.8,4300,4300,0.03125,0.0625,0.0,0,137600.0,68800.0,0,1
Nokia,222,Black,4.1,2860,2860,0.015625,32.0,0.0,0,183040.0,89.38,0,1
Nokia,5.1 Plus ,Blue,4.1,9975,15999,4.0,64.0,37.65,6024,2493.75,155.86,0,1
Nokia,6.2,Ice,4.2,13790,13790,4.0,64.0,0.0,0,3447.5,215.47,0,0
Nokia,4.2,Pink Sand,4.0,13699,13699,3.0,32.0,0.0,0,4566.33,428.09,0,0
Nokia,7.1,Steel,4.1,12998,12998,4.0,64.0,0.0,0,3249.5,203.09,0,0
Nokia,8,Steel,4.0,36999,36999,4.0,64.0,0.0,0,9249.75,578.11,1,0
Nokia,8,Polished Copper,4.0,39000,39000,4.0,64.0,0.0,0,9750.0,609.38,1,0
Nokia,3,Copper White,3.9,5499,10299,2.0,16.0,46.61,4800,2749.5,343.69,0,1
Nokia,5.1,Black,4.0,7899,7899,3.0,32.0,0.0,0,2633.0,246.84,0,1
Nokia,225,Black,3.6,3499,3499,0.0,32.0,0.0,0,inf,109.34,0,1
Nokia,225,Black,3.6,3499,3499,0.0,32.0,0.0,0,inf,109.34,0,1
Nokia,6.1 Plus ,Blue,4.3,18599,18599,4.0,64.0,0.0,0,4649.75,290.61,0,0
Nokia,Asha 502 ,Yellow,3.6,3799,3799,0.0625,32.0,0.0,0,60784.0,118.72,0,1
Nokia,5,Matte Black,4.0,6999,6999,2.0,16.0,0.0,0,3499.5,437.44,0,1
Nokia,5.1 Plus ,Black,3.7,14999,14999,6.0,64.0,0.0,0,2499.83,234.36,0,0
Nokia,6.1,White,4.0,12499,16990,4.0,64.0,26.43,4491,3124.75,195.3,0,0
Nokia,8,Tempered Blue,4.0,36999,36999,4.0,64.0,0.0,0,9249.75,578.11,1,0
Nokia,8,Polished Blue,4.0,36999,36999,4.0,64.0,0.0,0,9249.75,578.11,1,0
Nokia,C01 Plus ,Blue,0.0,6499,6499,2.0,16.0,0.0,0,3249.5,406.19,0,1
Nokia,3.1 Plus ,Blue,4.2,8299,8299,3.0,32.0,0.0,0,2766.33,259.34,0,1
Nokia,6.2,Black,4.2,12849,18999,4.0,64.0,32.37,6150,3212.25,200.77,0,0
Nokia,Asha 206,Black,3.8,2790,2790,0.03125,0.0625,0.0,0,89280.0,44640.0,0,1
Nokia,5.3,SAND,3.5,10999,10999,4.0,64.0,0.0,0,2749.75,171.86,0,0
Nokia,Asha 502 ,Bright Red,3.7,3499,3499,0.0625,32.0,0.0,0,55984.0,109.34,0,1
Nokia,8.1,Iron,4.3,21999,31999,6.0,128.0,31.25,10000,3666.5,171.87,0,0
Nokia,XPlus ,Bright Green,3.8,7990,7990,0.75,4.0,0.0,0,10653.33,1997.5,0,1
Nokia,8,Polished Blue,4.0,29490,29490,4.0,64.0,0.0,0,7372.5,460.78,0,0
Nokia,6310,Black,0.0,4189,4189,0.0078125,0.015625,0.0,0,536192.0,268096.0,0,1
Nokia,6310,Black,0.0,4189,4189,0.0078125,0.015625,0.0,0,536192.0,268096.0,0,1
Nokia,6310,Black,0.0,4189,4189,0.0078125,0.015625,0.0,0,536192.0,268096.0,0,1
Nokia,6310,Black,0.0,4189,4189,0.0078125,0.015625,0.0,0,536192.0,268096.0,0,1
Nokia,6,Tempered Blue,3.9,13990,13990,3.0,32.0,0.0,0,4663.33,437.19,0,0
Nokia,5.1 Plus ,Blue,3.7,9900,15990,6.0,64.0,38.09,6090,1650.0,154.69,0,1
Nokia,515,Black,3.0,8999,8999,0.5,0.25,0.0,0,17998.0,35996.0,0,1
Nokia,7 Plus ,Black & Copper,4.3,12000,26028,4.0,64.0,53.9,14028,3000.0,187.5,0,0
Apple,iPhone SE ,White,4.5,32999,39900,2.0,64.0,17.3,6901,16499.5,515.61,1,0
Apple,iPhone SE ,Black,4.5,32999,39900,2.0,64.0,17.3,6901,16499.5,515.61,1,0
Apple,iPhone SE ,Red,4.5,32999,39900,2.0,64.0,17.3,6901,16499.5,515.61,1,0
Apple,iPhone XR ,Red,4.6,42999,47900,3.0,64.0,10.23,4901,14333.0,671.86,1,0
Apple,iPhone 12 Mini ,Green,4.5,61999,64900,4.0,128.0,4.47,2901,15499.75,484.37,1,0
Apple,iPhone XR ,Blue,4.6,47999,52900,3.0,128.0,9.26,4901,15999.67,374.99,1,0
Apple,iPhone 12 Mini ,Blue,4.5,61999,64900,4.0,128.0,4.47,2901,15499.75,484.37,1,0
Apple,iPhone 13 Pro ,Sierra Blue,0.0,129900,129900,6.0,256.0,0.0,0,21650.0,507.42,1,0
Apple,iPhone XR ,White,4.6,47999,52900,3.0,128.0,9.26,4901,15999.67,374.99,1,0
Apple,iPhone SE ,Red,4.5,44900,44900,2.0,128.0,0.0,0,22450.0,350.78,1,0
Apple,iPhone SE ,White,4.5,44900,44900,2.0,128.0,0.0,0,22450.0,350.78,1,0
Apple,iPhone 11 ,Yellow,4.6,49900,49900,4.0,64.0,0.0,0,12475.0,779.69,1,0
Apple,iPhone 12 ,Blue,4.6,68999,70900,4.0,128.0,2.68,1901,17249.75,539.05,1,0
Apple,iPhone SE ,Black,4.5,44900,44900,2.0,128.0,0.0,0,22450.0,350.78,1,0
Apple,iPhone 12 ,White,4.6,78999,80900,4.0,256.0,2.35,1901,19749.75,308.59,1,0
Apple,iPhone 12 ,Red,4.6,68999,70900,4.0,128.0,2.68,1901,17249.75,539.05,1,0
Apple,iPhone 12 ,White,4.6,63999,65900,4.0,64.0,2.88,1901,15999.75,999.98,1,0
Apple,iPhone 12 Mini ,White,4.5,56999,59900,4.0,64.0,4.84,2901,14249.75,890.61,1,0
Apple,iPhone 12 Mini ,Purple,4.5,61999,64900,4.0,128.0,4.47,2901,15499.75,484.37,1,0
Apple,iPhone 12 ,Black,4.6,78999,80900,4.0,256.0,2.35,1901,19749.75,308.59,1,0
Apple,iPhone XR ,Red,4.6,47999,52900,3.0,128.0,9.26,4901,15999.67,374.99,1,0
Apple,iPhone 12 ,Green,4.6,68999,70900,4.0,128.0,2.68,1901,17249.75,539.05,1,0
Apple,iPhone 12 Mini ,Black,4.5,61999,64900,4.0,128.0,4.47,2901,15499.75,484.37,1,0
Apple,iPhone 12 Mini ,Red,4.5,56999,59900,4.0,64.0,4.84,2901,14249.75,890.61,1,0
Apple,iPhone 12 Mini ,Black,4.5,56999,59900,4.0,64.0,4.84,2901,14249.75,890.61,1,0
Apple,iPhone 13 ,Pink,0.0,89900,89900,4.0,256.0,0.0,0,22475.0,351.17,1,0
Apple,iPhone XR ,Yellow,4.6,47999,52900,3.0,128.0,9.26,4901,15999.67,374.99,1,0
Apple,iPhone 11 ,Yellow,4.6,54900,54900,4.0,128.0,0.0,0,13725.0,428.91,1,0
Apple,iPhone 12 Mini ,Red,4.5,61999,64900,4.0,128.0,4.47,2901,15499.75,484.37,1,0
Apple,iPhone 12 Mini ,Green,4.5,56999,59900,4.0,64.0,4.84,2901,14249.75,890.61,1,0
Apple,iPhone 11 ,Red,4.6,54900,54900,4.0,128.0,0.0,0,13725.0,428.91,1,0
Apple,iPhone SE ,Red,4.5,54900,54900,2.0,256.0,0.0,0,27450.0,214.45,1,0
Apple,iPhone 12 Mini ,Purple,4.5,56999,59900,4.0,64.0,4.84,2901,14249.75,890.61,1,0
Apple,iPhone XR ,Yellow,4.6,47999,52900,3.0,128.0,9.26,4901,15999.67,374.99,1,0
Apple,iPhone 13 Mini ,Starlight,0.0,79900,79900,4.0,256.0,0.0,0,19975.0,312.11,1,0
Apple,iPhone 11 ,White,4.6,49900,49900,4.0,64.0,0.0,0,12475.0,779.69,1,0
Apple,iPhone 11 ,Green,4.6,49900,49900,4.0,64.0,0.0,0,12475.0,779.69,1,0
Apple,iPhone 12 ,Black,4.6,68999,70900,4.0,128.0,2.68,1901,17249.75,539.05,1,0
Apple,iPhone 11 ,Purple,4.6,49900,49900,4.0,64.0,0.0,0,12475.0,779.69,1,0
Apple,iPhone 12 ,Blue,4.6,63999,65900,4.0,64.0,2.88,1901,15999.75,999.98,1,0
Apple,iPhone 12 ,White,4.6,68999,70900,4.0,128.0,2.68,1901,17249.75,539.05,1,0
Apple,iPhone 12 Mini ,Blue,4.5,71999,84900,4.0,256.0,15.2,12901,17999.75,281.25,1,0
Apple,iPhone XR ,Red,4.6,42999,47900,3.0,64.0,10.23,4901,14333.0,671.86,1,0
Apple,iPhone XR ,Black,4.6,42999,47900,3.0,64.0,10.23,4901,14333.0,671.86,1,0
Apple,iPhone 13 ,Red,0.0,89900,89900,4.0,256.0,0.0,0,22475.0,351.17,1,0
Apple,iPhone 12 Pro Max ,Silver,4.6,149900,149900,0.0,512.0,0.0,0,inf,292.77,1,0
Apple,iPhone XR ,Black,4.6,47999,52900,3.0,128.0,9.26,4901,15999.67,374.99,1,0
Apple,iPhone XR ,White,4.6,42999,47900,3.0,64.0,10.23,4901,14333.0,671.86,1,0
Apple,iPhone 12 ,Blue,4.6,78999,80900,4.0,256.0,2.35,1901,19749.75,308.59,1,0
Apple,iPhone 12 ,Red,4.6,63999,65900,4.0,64.0,2.88,1901,15999.75,999.98,1,0
Apple,iPhone 12 Mini ,Red,4.5,71999,74900,4.0,256.0,3.87,2901,17999.75,281.25,1,0
Apple,iPhone 11 ,White,4.6,54900,54900,4.0,128.0,0.0,0,13725.0,428.91,1,0
Apple,iPhone 12 Mini ,Blue,4.5,56999,59900,4.0,64.0,4.84,2901,14249.75,890.61,1,0
Apple,iPhone 13 Mini ,Midnight,0.0,69900,69900,4.0,128.0,0.0,0,17475.0,546.09,1,0
Apple,iPhone 12 ,Green,4.6,63999,65900,4.0,64.0,2.88,1901,15999.75,999.98,1,0
Apple,iPhone SE ,White,4.5,54900,54900,2.0,256.0,0.0,0,27450.0,214.45,1,0
Apple,iPhone 12 Mini ,White,4.5,61999,64900,4.0,128.0,4.47,2901,15499.75,484.37,1,0
Apple,iPhone 12 ,Green,4.6,78999,80900,4.0,256.0,2.35,1901,19749.75,308.59,1,0
Apple,iPhone XR ,Coral,4.6,47999,52900,3.0,128.0,9.26,4901,15999.67,374.99,1,0
Apple,iPhone 12 Pro ,Pacific Blue,4.6,119900,119900,6.0,256.0,0.0,0,19983.33,468.36,1,0
Apple,iPhone 12 Mini ,White,4.5,71999,74900,4.0,256.0,3.87,2901,17999.75,281.25,1,0
Apple,iPhone 12 ,Black,4.6,63999,65900,4.0,64.0,2.88,1901,15999.75,999.98,1,0
Apple,iPhone 12 Mini ,Purple,4.5,71999,74900,4.0,256.0,3.87,2901,17999.75,281.25,1,0
Apple,iPhone 11 Pro Max ,Midnight Green,4.7,117100,117100,4.0,64.0,0.0,0,29275.0,1829.69,1,0
Apple,iPhone 13 ,Blue,0.0,109900,109900,4.0,512.0,0.0,0,27475.0,214.65,1,0
Apple,iPhone XR ,Black,4.6,42999,47900,3.0,64.0,10.23,4901,14333.0,671.86,1,0
Apple,iPhone 12 Pro ,Gold,4.6,109900,109900,6.0,128.0,0.0,0,18316.67,858.59,1,0
Apple,iPhone 12 Pro ,Gold,4.6,139900,139900,6.0,512.0,0.0,0,23316.67,273.24,1,0
Apple,iPhone 12 Mini ,Green,4.5,71999,74900,4.0,256.0,3.87,2901,17999.75,281.25,1,0
Apple,iPhone 13 Mini ,Pink,0.0,79900,79900,4.0,256.0,0.0,0,19975.0,312.11,1,0
Apple,iPhone XR ,Blue,4.6,42999,47900,3.0,64.0,10.23,4901,14333.0,671.86,1,0
Apple,iPhone 13 ,Red,0.0,79900,79900,4.0,128.0,0.0,0,19975.0,624.22,1,0
Apple,iPhone 11 Pro Max ,Gold,4.7,117100,117100,4.0,64.0,0.0,0,29275.0,1829.69,1,0
Apple,iPhone 12 Mini ,Black,4.5,71999,74900,4.0,256.0,3.87,2901,17999.75,281.25,1,0
Apple,iPhone SE ,White,4.5,54900,54900,2.0,256.0,0.0,0,27450.0,214.45,1,0
Apple,iPhone 12 Pro ,Silver,4.6,109900,109900,6.0,128.0,0.0,0,18316.67,858.59,1,0
Apple,iPhone 12 Pro ,Graphite,4.6,109900,109900,6.0,128.0,0.0,0,18316.67,858.59,1,0
Apple,iPhone 13 ,Midnight,0.0,109900,109900,4.0,512.0,0.0,0,27475.0,214.65,1,0
Apple,iPhone 13 ,Starlight,0.0,109900,109900,4.0,512.0,0.0,0,27475.0,214.65,1,0
Apple,iPhone 8 Plus ,Red,4.6,59900,59900,3.0,256.0,0.0,0,19966.67,233.98,1,0
Apple,iPhone 12 Pro ,Gold,4.6,119900,119900,6.0,256.0,0.0,0,19983.33,468.36,1,0
Apple,iPhone 12 Pro ,Silver,4.6,139900,139900,6.0,512.0,0.0,0,23316.67,273.24,1,0
Apple,iPhone 11 ,Green,4.6,54900,54900,4.0,128.0,0.0,0,13725.0,428.91,1,0
Apple,iPhone 11 Pro Max ,Space Grey,4.7,117100,117100,4.0,64.0,0.0,0,29275.0,1829.69,1,0
Apple,iPhone 13 ,Red,0.0,109900,109900,4.0,512.0,0.0,0,27475.0,214.65,1,0
Apple,iPhone 11 Pro ,Midnight Green,4.6,140300,140300,4.0,512.0,0.0,0,35075.0,274.02,1,0
Apple,iPhone 12 Pro Max ,Graphite,4.6,149900,149900,0.0,512.0,0.0,0,inf,292.77,1,0
Apple,iPhone 12 Pro Max ,Gold,4.6,149900,149900,0.0,512.0,0.0,0,inf,292.77,1,0
Apple,iPhone 13 Mini ,Pink,0.0,69900,69900,4.0,128.0,0.0,0,17475.0,546.09,1,0
Apple,iPhone 11 ,Black,4.6,49900,49900,4.0,64.0,0.0,0,12475.0,779.69,1,0
Apple,iPhone 8 Plus ,Silver,4.6,49900,49900,3.0,64.0,0.0,0,16633.33,779.69,1,0
Apple,iPhone 13 Mini ,Midnight,0.0,79900,79900,4.0,256.0,0.0,0,19975.0,312.11,1,0
Apple,iPhone 13 Mini ,Red,0.0,79900,79900,4.0,256.0,0.0,0,19975.0,312.11,1,0
Apple,iPhone 13 Mini ,Red,0.0,69900,69900,4.0,128.0,0.0,0,17475.0,546.09,1,0
Apple,iPhone 12 Pro Max ,Pacific Blue,4.6,149900,149900,0.0,512.0,0.0,0,inf,292.77,1,0
Apple,iPhone XS ,Gold,4.7,134900,134900,4.0,512.0,0.0,0,33725.0,263.48,1,0
Apple,iPhone 8 ,Gold,4.5,38999,39900,2.0,64.0,2.26,901,19499.5,609.36,1,0
Apple,iPhone 8 Plus ,Gold,4.6,49900,49900,3.0,64.0,0.0,0,16633.33,779.69,1,0
Apple,iPhone 12 Pro Max ,Gold,4.6,129900,129900,0.0,256.0,0.0,0,inf,507.42,1,0
Apple,iPhone 8 Plus ,Space Grey,4.6,84900,84900,3.0,256.0,0.0,0,28300.0,331.64,1,0
Apple,iPhone 12 ,Red,4.6,78999,94900,4.0,256.0,16.76,15901,19749.75,308.59,1,0
Apple,iPhone 12 Pro ,Graphite,4.6,119900,119900,6.0,256.0,0.0,0,19983.33,468.36,1,0
Apple,iPhone 13 Pro Max ,Graphite,0.0,139900,139900,6.0,256.0,0.0,0,23316.67,546.48,1,0
Apple,iPhone 13 Pro Max ,Sierra Blue,0.0,129900,129900,6.0,128.0,0.0,0,21650.0,1014.84,1,0
Apple,iPhone 8 Plus ,Silver,4.6,84900,84900,3.0,256.0,0.0,0,28300.0,331.64,1,0
Apple,iPhone 13 Mini ,Blue,0.0,79900,79900,4.0,256.0,0.0,0,19975.0,312.11,1,0
Apple,iPhone SE ,Black,4.5,54900,54900,2.0,256.0,0.0,0,27450.0,214.45,1,0
Apple,iPhone 12 Pro Max ,Pacific Blue,4.6,129900,129900,0.0,256.0,0.0,0,inf,507.42,1,0
Apple,iPhone 8 Plus ,Space Grey,4.6,49900,49900,3.0,64.0,0.0,0,16633.33,779.69,1,0
Apple,iPhone XS ,Space Grey,4.7,134900,134900,4.0,512.0,0.0,0,33725.0,263.48,1,0
Apple,iPhone 8 ,Space Grey,4.5,77000,77000,2.0,256.0,0.0,0,38500.0,300.78,1,0
Apple,iPhone 13 Pro Max ,Silver,0.0,139900,139900,6.0,256.0,0.0,0,23316.67,546.48,1,0
Apple,iPhone 12 Pro ,Silver,4.6,119900,119900,6.0,256.0,0.0,0,19983.33,468.36,1,0
Apple,iPhone 13 Pro Max ,Sierra Blue,0.0,179900,179900,6.0,1024.0,0.0,0,29983.33,175.68,1,0
Apple,iPhone 12 Pro Max ,Silver,4.6,119900,119900,0.0,128.0,0.0,0,inf,936.72,1,0
Apple,iPhone 12 Pro ,Graphite,4.6,139900,139900,6.0,512.0,0.0,0,23316.67,273.24,1,0
Apple,iPhone 12 Pro Max ,Pacific Blue,4.6,119900,119900,0.0,128.0,0.0,0,inf,936.72,1,0
Apple,iPhone 12 Pro ,Pacific Blue,4.6,109900,109900,6.0,128.0,0.0,0,18316.67,858.59,1,0
Apple,iPhone 13 Pro Max ,Gold,0.0,129900,129900,6.0,128.0,0.0,0,21650.0,1014.84,1,0
Apple,iPhone 12 Pro Max ,Gold,4.6,119900,119900,0.0,128.0,0.0,0,inf,936.72,1,0
Apple,iPhone 11 Pro ,Space Grey,4.6,140300,140300,4.0,512.0,0.0,0,35075.0,274.02,1,0
Apple,iPhone 13 Pro Max ,Silver,0.0,129900,129900,6.0,0.0,0.0,0,21650.0,inf,1,0
Apple,iPhone 11 Pro Max ,Gold,4.7,131900,131900,4.0,256.0,0.0,0,32975.0,515.23,1,0
Apple,iPhone 6s Plus ,Gold,4.4,49999,49999,2.0,0.0,0.0,0,24999.5,inf,1,0
Apple,iPhone XR ,Coral,4.6,42999,47900,3.0,64.0,10.23,4901,14333.0,671.86,1,0
Apple,iPhone 11 Pro ,Gold,4.6,140300,140300,4.0,512.0,0.0,0,35075.0,274.02,1,0
Apple,iPhone 13 Pro Max ,Sierra Blue,0.0,139900,139900,6.0,0.0,0.0,0,23316.67,inf,1,0
Apple,iPhone 8 ,Red,4.7,38999,39900,2.0,64.0,2.26,901,19499.5,609.36,1,0
Apple,iPhone 11 Pro ,Silver,4.6,79999,106600,4.0,256.0,24.95,26601,19999.75,312.5,1,0
Apple,iPhone 11 ,White,4.6,54900,54900,4.0,64.0,0.0,0,13725.0,857.81,1,0
Apple,iPhone 6 Plus ,Space Grey,4.5,39999,39999,1.0,16.0,0.0,0,39999.0,2499.94,1,0
Apple,iPhone XS Max ,Silver,4.6,144900,144900,4.0,512.0,0.0,0,36225.0,283.01,1,0
Apple,iPhone 7 Plus ,Red,5.0,85400,85400,3.0,256.0,0.0,0,28466.67,333.59,1,0
Apple,iPhone 6s ,Silver,4.5,25299,29900,2.0,32.0,15.39,4601,12649.5,790.59,0,0
Apple,iPhone 11 Pro ,Gold,4.6,79999,106600,4.0,256.0,24.95,26601,19999.75,312.5,1,0
Apple,iPhone 13 Pro Max ,Gold,0.0,179900,179900,6.0,0.0,0.0,0,29983.33,inf,1,0
Apple,iPhone 11 Pro ,Midnight Green,4.6,79999,106600,4.0,256.0,24.95,26601,19999.75,312.5,1,0
Apple,iPhone 11 Pro ,Silver,4.6,140300,140300,4.0,512.0,0.0,0,35075.0,274.02,1,0
Apple,iPhone 7 ,Black,4.5,24999,31500,2.0,32.0,20.64,6501,12499.5,781.22,0,0
Apple,iPhone XS ,Space Grey,4.7,76999,103900,4.0,256.0,25.89,26901,19249.75,300.78,1,0
Apple,iPhone XS ,Space Grey,4.7,62999,89900,4.0,64.0,29.92,26901,15749.75,984.36,1,0
Apple,iPhone 11 Pro ,Space Grey,4.6,79999,106600,4.0,256.0,24.95,26601,19999.75,312.5,1,0
Apple,iPhone 7 ,Jet Black,4.5,24999,31500,2.0,32.0,20.64,6501,12499.5,781.22,0,0
Apple,iPhone 6s Plus ,Rose Gold,4.4,34900,34900,2.0,0.0,0.0,0,17450.0,inf,1,0
Apple,iPhone 7 Plus ,Gold,4.5,36999,37900,3.0,32.0,2.38,901,12333.0,1156.22,1,0
Apple,iPhone 8 Plus ,Gold,4.6,84900,84900,3.0,256.0,0.0,0,28300.0,331.64,1,0
Apple,iPhone 11 Pro ,Silver,4.6,121300,121300,4.0,256.0,0.0,0,30325.0,473.83,1,0
Apple,iPhone 7 ,Red,4.7,74400,74400,2.0,256.0,0.0,0,37200.0,290.62,1,0
Apple,iPhone 7 ,Black,4.5,34900,34900,2.0,128.0,0.0,0,17450.0,272.66,1,0
Apple,iPhone 6 ,Gold,4.4,62500,62500,1.0,64.0,0.0,0,62500.0,976.56,1,0
Apple,iPhone 13 Mini ,Pink,0.0,99900,99900,6.0,512.0,0.0,0,16650.0,195.12,1,0
Apple,iPhone 6s ,Space Grey,4.5,25299,29900,2.0,32.0,15.39,4601,12649.5,790.59,0,0
Apple,iPhone 7 ,Rose Gold,4.5,24999,31500,2.0,32.0,20.64,6501,12499.5,781.22,0,0
Apple,iPhone XS ,Silver,4.7,76999,103900,4.0,256.0,25.89,26901,19249.75,300.78,1,0
Apple,iPhone 7 Plus ,Black,4.5,42900,42900,3.0,128.0,0.0,0,14300.0,335.16,1,0
Apple,iPhone 7 Plus ,Silver,4.5,36999,37900,3.0,32.0,2.38,901,12333.0,1156.22,1,0
Apple,iPhone 11 Pro ,Midnight Green,4.6,121300,121300,4.0,256.0,0.0,0,30325.0,473.83,1,0
Apple,iPhone 6s ,Rose Gold,4.5,31999,31999,2.0,32.0,0.0,0,15999.5,999.97,1,0
Apple,iPhone 7 ,Gold,4.5,24999,31500,2.0,32.0,20.64,6501,12499.5,781.22,0,0
Apple,iPhone 11 Pro Max ,Midnight Green,4.7,131900,131900,4.0,256.0,0.0,0,32975.0,515.23,1,0
Apple,iPhone SE ,White,4.5,32999,39900,2.0,64.0,17.3,6901,16499.5,515.61,1,0
Apple,iPhone XR ,Red,4.6,47999,52900,3.0,128.0,9.26,4901,15999.67,374.99,1,0
Apple,iPhone 11 ,Red,4.6,49900,49900,4.0,64.0,0.0,0,12475.0,779.69,1,0
Apple,iPhone 13 Pro ,Silver,0.0,129900,129900,6.0,256.0,0.0,0,21650.0,507.42,1,0
Apple,iPhone 11 ,Red,4.6,49900,49900,4.0,64.0,0.0,0,12475.0,779.69,1,0
Apple,iPhone 13 Pro ,Sierra Blue,0.0,149900,149900,6.0,512.0,0.0,0,24983.33,292.77,1,0
Apple,iPhone SE ,White,4.5,44900,44900,2.0,128.0,0.0,0,22450.0,350.78,1,0
Apple,iPhone 11 ,Black,4.6,54900,54900,4.0,128.0,0.0,0,13725.0,428.91,1,0
Apple,iPhone 11 ,Yellow,4.6,64900,64900,4.0,256.0,0.0,0,16225.0,253.52,1,0
Apple,iPhone SE ,Red,4.5,54900,54900,2.0,256.0,0.0,0,27450.0,214.45,1,0
Apple,iPhone 12 ,Purple,4.6,63999,79900,4.0,64.0,19.9,15901,15999.75,999.98,1,0
Apple,iPhone XR ,Coral,4.6,42999,47900,3.0,64.0,10.23,4901,14333.0,671.86,1,0
Apple,iPhone XR ,Yellow,4.6,42999,47900,3.0,64.0,10.23,4901,14333.0,671.86,1,0
Apple,iPhone SE ,Red,4.5,32999,39900,2.0,64.0,17.3,6901,16499.5,515.61,1,0
Apple,iPhone 13 Pro ,Gold,0.0,119900,119900,6.0,128.0,0.0,0,19983.33,936.72,1,0
Apple,iPhone 11 ,Green,4.6,49900,49900,4.0,64.0,0.0,0,12475.0,779.69,1,0
Apple,iPhone SE ,Black,4.5,44900,44900,2.0,128.0,0.0,0,22450.0,350.78,1,0
Apple,iPhone 12 Pro Max ,Graphite,4.6,129900,129900,0.0,256.0,0.0,0,inf,507.42,1,0
Apple,iPhone 12 Pro Max ,Graphite,4.6,119900,119900,0.0,128.0,0.0,0,inf,936.72,1,0
Apple,iPhone 11 ,White,4.6,64900,64900,4.0,256.0,0.0,0,16225.0,253.52,1,0
Apple,iPhone 11 ,Purple,4.6,64900,64900,4.0,256.0,0.0,0,16225.0,253.52,1,0
Apple,iPhone 11 ,Black,4.6,64900,64900,4.0,256.0,0.0,0,16225.0,253.52,1,0
Apple,iPhone 13 Pro ,Silver,0.0,119900,119900,6.0,128.0,0.0,0,19983.33,936.72,1,0
Apple,iPhone SE ,Red,4.5,44900,44900,2.0,128.0,0.0,0,22450.0,350.78,1,0
Apple,iPhone 11 ,Yellow,4.6,64900,64900,4.0,256.0,0.0,0,16225.0,253.52,1,0
Apple,iPhone 12 ,Purple,4.6,68999,84900,4.0,128.0,18.73,15901,17249.75,539.05,1,0
Apple,iPhone 11 ,Purple,4.6,54900,54900,4.0,128.0,0.0,0,13725.0,428.91,1,0
Apple,iPhone XR ,Blue,4.6,42999,47900,3.0,64.0,10.23,4901,14333.0,671.86,1,0
Apple,iPhone 13 Pro Max ,Graphite,0.0,129900,129900,6.0,128.0,0.0,0,21650.0,1014.84,1,0
Apple,iPhone 11 ,Red,4.6,64900,64900,4.0,256.0,0.0,0,16225.0,253.52,1,0
Apple,iPhone XR ,Yellow,4.6,42999,47900,3.0,64.0,10.23,4901,14333.0,671.86,1,0
Apple,iPhone 11 ,Green,4.6,54900,54900,4.0,128.0,0.0,0,13725.0,428.91,1,0
Apple,iPhone 11 ,Black,4.6,64900,64900,4.0,256.0,0.0,0,16225.0,253.52,1,0
Apple,iPhone 11 Pro Max ,Silver,4.7,131900,131900,4.0,256.0,0.0,0,32975.0,515.23,1,0
Apple,iPhone 13 Pro Max ,Gold,0.0,159900,159900,6.0,512.0,0.0,0,26650.0,312.3,1,0
Apple,iPhone 13 ,Pink,0.0,109900,109900,4.0,512.0,0.0,0,27475.0,214.65,1,0
Apple,iPhone 8 ,Red,4.7,81500,81500,2.0,256.0,0.0,0,40750.0,318.36,1,0
Apple,iPhone XR ,Coral,4.6,91900,91900,3.0,256.0,0.0,0,30633.33,358.98,1,0
Apple,iPhone 11 ,Purple,4.6,64900,64900,4.0,256.0,0.0,0,16225.0,253.52,1,0
Apple,iPhone XR ,Blue,4.6,91900,91900,3.0,256.0,0.0,0,30633.33,358.98,1,0
Apple,iPhone 11 ,Yellow,4.6,54900,54900,4.0,128.0,0.0,0,13725.0,428.91,1,0
Apple,iPhone 11 ,Red,4.6,64900,64900,4.0,256.0,0.0,0,16225.0,253.52,1,0
Apple,iPhone 11 Pro Max ,Space Grey,4.7,131900,131900,4.0,256.0,0.0,0,32975.0,515.23,1,0
Apple,iPhone XS Max ,Space Grey,4.6,73999,109900,4.0,64.0,32.67,35901,18499.75,1156.23,1,0
Apple,iPhone XR ,Red,4.6,91900,91900,3.0,256.0,0.0,0,30633.33,358.98,1,0
Apple,iPhone XR ,White,4.6,91900,91900,3.0,256.0,0.0,0,30633.33,358.98,1,0
Apple,iPhone 11 ,Red,4.6,54900,54900,4.0,128.0,0.0,0,13725.0,428.91,1,0
Apple,iPhone SE ,Black,4.5,54900,54900,2.0,256.0,0.0,0,27450.0,214.45,1,0
Apple,iPhone 12 ,Purple,4.6,78999,80900,4.0,256.0,2.35,1901,19749.75,308.59,1,0
Apple,iPhone 11 ,Purple,4.6,49900,49900,4.0,64.0,0.0,0,12475.0,779.69,1,0
Apple,iPhone 6 ,Space Grey,4.4,44999,44999,1.0,64.0,0.0,0,44999.0,703.11,1,0
Apple,iPhone 11 Pro Max ,Silver,4.7,117100,117100,4.0,64.0,0.0,0,29275.0,1829.69,1,0
Apple,iPhone 13 Mini ,Blue,0.0,99900,99900,6.0,512.0,0.0,0,16650.0,195.12,1,0
Apple,iPhone 11 ,Green,4.6,64900,64900,4.0,256.0,0.0,0,16225.0,253.52,1,0
Apple,iPhone 11 ,White,4.6,64900,64900,4.0,256.0,0.0,0,16225.0,253.52,1,0
Apple,iPhone 6 Plus ,Silver,4.5,48999,48999,1.0,128.0,0.0,0,48999.0,382.8,1,0
Apple,iPhone 11 Pro ,Space Grey,4.6,140300,140300,4.0,512.0,0.0,0,35075.0,274.02,1,0
Apple,iPhone 13 Pro Max ,Silver,0.0,129900,129900,6.0,128.0,0.0,0,21650.0,1014.84,1,0
Apple,iPhone 11 Pro Max ,Gold,4.7,131900,131900,4.0,256.0,0.0,0,32975.0,515.23,1,0
Apple,iPhone 6s Plus ,Gold,4.4,49999,49999,2.0,16.0,0.0,0,24999.5,3124.94,1,0
Apple,iPhone XR ,Coral,4.6,42999,47900,3.0,64.0,10.23,4901,14333.0,671.86,1,0
Apple,iPhone 11 Pro ,Gold,4.6,140300,140300,4.0,512.0,0.0,0,35075.0,274.02,1,0
Apple,iPhone 13 Pro Max ,Sierra Blue,0.0,139900,139900,6.0,256.0,0.0,0,23316.67,546.48,1,0
Apple,iPhone 8 ,Red,4.7,38999,39900,2.0,64.0,2.26,901,19499.5,609.36,1,0
Apple,iPhone 11 Pro ,Silver,4.6,79999,106600,4.0,64.0,24.95,26601,19999.75,1249.98,1,0
Apple,iPhone 11 ,White,4.6,54900,54900,4.0,128.0,0.0,0,13725.0,428.91,1,0
Apple,iPhone 6 Plus ,Space Grey,4.5,39999,39999,1.0,16.0,0.0,0,39999.0,2499.94,1,0
Apple,iPhone XS Max ,Silver,4.6,144900,144900,4.0,512.0,0.0,0,36225.0,283.01,1,0
Apple,iPhone 7 Plus ,Red,5.0,85400,85400,3.0,256.0,0.0,0,28466.67,333.59,1,0
Apple,iPhone 6s ,Silver,4.5,25299,29900,2.0,32.0,15.39,4601,12649.5,790.59,0,0
Apple,iPhone 11 Pro ,Gold,4.6,79999,106600,4.0,64.0,24.95,26601,19999.75,1249.98,1,0
Apple,iPhone 13 Pro Max ,Gold,0.0,179900,179900,6.0,1024.0,0.0,0,29983.33,175.68,1,0
Apple,iPhone 11 Pro ,Midnight Green,4.6,79999,106600,4.0,64.0,24.95,26601,19999.75,1249.98,1,0
Apple,iPhone 11 Pro ,Silver,4.6,140300,140300,4.0,512.0,0.0,0,35075.0,274.02,1,0
Apple,iPhone 7 ,Black,4.5,24999,31500,2.0,32.0,20.64,6501,12499.5,781.22,0,0
Apple,iPhone XS ,Space Grey,4.7,76999,103900,4.0,256.0,25.89,26901,19249.75,300.78,1,0
Apple,iPhone XS ,Space Grey,4.7,62999,89900,4.0,64.0,29.92,26901,15749.75,984.36,1,0
Apple,iPhone 11 Pro ,Space Grey,4.6,79999,106600,4.0,64.0,24.95,26601,19999.75,1249.98,1,0
Apple,iPhone 7 ,Jet Black,4.5,24999,31500,2.0,32.0,20.64,6501,12499.5,781.22,0,0
Apple,iPhone 6s Plus ,Rose Gold,4.4,34900,34900,2.0,32.0,0.0,0,17450.0,1090.62,1,0
Apple,iPhone 7 Plus ,Gold,4.5,36999,37900,3.0,32.0,2.38,901,12333.0,1156.22,1,0
Apple,iPhone 8 Plus ,Gold,4.6,84900,84900,3.0,256.0,0.0,0,28300.0,331.64,1,0
Apple,iPhone 11 Pro ,Silver,4.6,121300,121300,4.0,256.0,0.0,0,30325.0,473.83,1,0
Apple,iPhone 7 ,Red,4.7,74400,74400,2.0,256.0,0.0,0,37200.0,290.62,1,0
Apple,iPhone 7 ,Black,4.5,34900,34900,2.0,128.0,0.0,0,17450.0,272.66,1,0
Apple,iPhone 6 ,Gold,4.4,62500,62500,1.0,64.0,0.0,0,62500.0,976.56,1,0
Apple,iPhone 13 Mini ,Pink,0.0,99900,99900,6.0,512.0,0.0,0,16650.0,195.12,1,0
Apple,iPhone 6s ,Space Grey,4.5,25299,29900,2.0,32.0,15.39,4601,12649.5,790.59,0,0
Apple,iPhone 7 ,Rose Gold,4.5,24999,31500,2.0,32.0,20.64,6501,12499.5,781.22,0,0
Apple,iPhone XS ,Silver,4.7,76999,103900,4.0,256.0,25.89,26901,19249.75,300.78,1,0
Apple,iPhone 7 Plus ,Black,4.5,42900,42900,3.0,128.0,0.0,0,14300.0,335.16,1,0
Apple,iPhone 7 Plus ,Silver,4.5,36999,37900,3.0,32.0,2.38,901,12333.0,1156.22,1,0
Apple,iPhone 11 Pro ,Midnight Green,4.6,121300,121300,4.0,256.0,0.0,0,30325.0,473.83,1,0
Apple,iPhone 6s ,Rose Gold,4.5,31999,31999,2.0,16.0,0.0,0,15999.5,1999.94,1,0
Apple,iPhone 7 ,Gold,4.5,24999,31500,2.0,32.0,20.64,6501,12499.5,781.22,0,0
Apple,iPhone 11 Pro Max ,Midnight Green,4.7,131900,131900,4.0,256.0,0.0,0,32975.0,515.23,1,0
Apple,iPhone 6s ,Gold,4.5,25299,29900,2.0,32.0,15.39,4601,12649.5,790.59,0,0
Apple,iPhone 6s ,Rose Gold,4.5,25299,29900,2.0,32.0,15.39,4601,12649.5,790.59,0,0
Apple,iPhone XR ,Black,4.6,91900,91900,3.0,256.0,0.0,0,30633.33,358.98,1,0
Apple,iPhone 6 ,Silver,4.4,36990,36990,1.0,16.0,0.0,0,36990.0,2311.88,1,0
Apple,iPhone 6 ,Gold,4.4,49999,49999,1.0,128.0,0.0,0,49999.0,390.62,1,0
Apple,iPhone XR ,Yellow,4.6,91900,91900,3.0,256.0,0.0,0,30633.33,358.98,1,0
Apple,iPhone XR ,Coral,4.6,47999,52900,3.0,128.0,9.26,4901,15999.67,374.99,1,0
Apple,iPhone 7 ,Silver,4.5,24999,31500,2.0,32.0,20.64,6501,12499.5,781.22,0,0
Apple,iPhone 11 Pro Max ,Midnight Green,4.7,150800,150800,4.0,512.0,0.0,0,37700.0,294.53,1,0
Apple,iPhone 6s Plus ,Rose Gold,4.4,70000,70000,2.0,128.0,0.0,0,35000.0,546.88,1,0
Apple,iPhone 7 Plus ,Silver,4.5,85400,85400,3.0,256.0,0.0,0,28466.67,333.59,1,0
Apple,iPhone 7 ,Jet Black,4.5,34900,34900,2.0,128.0,0.0,0,17450.0,272.66,1,0
Apple,iPhone 6s ,Gold,4.5,49999,49999,2.0,64.0,0.0,0,24999.5,781.23,1,0
Apple,iPhone 7 Plus ,Jet Black,4.5,85400,85400,3.0,256.0,0.0,0,28466.67,333.59,1,0
Apple,iPhone 11 ,Purple,4.6,54900,54900,4.0,128.0,0.0,0,13725.0,428.91,1,0
Apple,iPhone 6s ,Gold,4.5,55999,55999,2.0,128.0,0.0,0,27999.5,437.49,1,0
Apple,iPhone 11 Pro Max ,Space Grey,4.7,150800,150800,4.0,512.0,0.0,0,37700.0,294.53,1,0
Apple,iPhone 13 Pro ,Graphite,0.0,169900,169900,6.0,1024.0,0.0,0,28316.67,165.92,1,0
Apple,iPhone 6 ,Gold,4.4,36499,36499,1.0,16.0,0.0,0,36499.0,2281.19,1,0
Apple,iPhone 6s Plus ,Rose Gold,4.4,49999,49999,2.0,16.0,0.0,0,24999.5,3124.94,1,0
Apple,iPhone 8 Plus ,Red,4.6,49900,49900,3.0,64.0,0.0,0,16633.33,779.69,1,0
Apple,iPhone 13 Pro ,Silver,0.0,169900,169900,6.0,1024.0,0.0,0,28316.67,165.92,1,0
Apple,iPhone 13 Pro ,Silver,0.0,149900,149900,6.0,512.0,0.0,0,24983.33,292.77,1,0
Apple,iPhone 6s ,Gold,4.5,41999,41999,2.0,16.0,0.0,0,20999.5,2624.94,1,0
Apple,iPhone 6s Plus ,Silver,4.4,49999,49999,2.0,16.0,0.0,0,24999.5,3124.94,1,0
Apple,iPhone 13 Pro ,Sierra Blue,0.0,169900,169900,6.0,1024.0,0.0,0,28316.67,165.92,1,0
Apple,iPhone 6 ,Grey,4.4,71500,71500,1.0,128.0,0.0,0,71500.0,558.59,1,0
Apple,iPhone 13 Pro Max ,Silver,0.0,159900,159900,6.0,512.0,0.0,0,26650.0,312.3,1,0
Apple,iPhone 11 Pro Max ,Silver,4.7,150800,150800,4.0,512.0,0.0,0,37700.0,294.53,1,0
Apple,iPhone 13 Pro Max ,Sierra Blue,0.0,159900,159900,6.0,512.0,0.0,0,26650.0,312.3,1,0
Apple,iPhone 13 Pro ,Gold,0.0,149900,149900,6.0,512.0,0.0,0,24983.33,292.77,1,0
Apple,iPhone 6s Plus ,Gold,4.4,59999,59999,2.0,64.0,0.0,0,29999.5,937.48,1,0
Apple,iPhone 13 Pro ,Gold,0.0,169900,169900,6.0,1024.0,0.0,0,28316.67,165.92,1,0
Apple,iPhone 6s Plus ,Space Grey,4.4,59999,59999,2.0,64.0,0.0,0,29999.5,937.48,1,0
Apple,iPhone 13 Pro Max ,Graphite,0.0,159900,159900,6.0,512.0,0.0,0,26650.0,312.3,1,0
Apple,iPhone 6s ,Silver,4.5,49999,49999,2.0,64.0,0.0,0,24999.5,781.23,1,0
Apple,iPhone XS Max ,Gold,4.6,144900,144900,4.0,512.0,0.0,0,36225.0,283.01,1,0
Apple,iPhone X ,Silver,4.6,91900,91900,3.0,64.0,0.0,0,30633.33,1435.94,1,0
Apple,iPhone 13 Pro Max ,Graphite,0.0,179900,179900,6.0,1024.0,0.0,0,29983.33,175.68,1,0
Apple,iPhone 7 Plus ,Silver,4.5,42900,42900,3.0,128.0,0.0,0,14300.0,335.16,1,0
Apple,iPhone XS ,Silver,4.7,134900,134900,4.0,512.0,0.0,0,33725.0,263.48,1,0
Apple,iPhone 6 ,Gold,4.4,30780,30780,1.0,32.0,0.0,0,30780.0,961.88,1,0
Apple,iPhone 6 ,Space Grey,4.4,30780,30780,1.0,32.0,0.0,0,30780.0,961.88,1,0
Apple,iPhone 13 Mini ,Midnight,0.0,99900,99900,6.0,512.0,0.0,0,16650.0,195.12,1,0
Apple,iPhone 6 ,Silver,4.4,71500,71500,1.0,128.0,0.0,0,71500.0,558.59,1,0
Apple,iPhone 6s Plus ,Rose Gold,4.4,59999,59999,2.0,64.0,0.0,0,29999.5,937.48,1,0
Apple,iPhone 6s Plus ,Space Grey,4.4,34900,34900,2.0,32.0,0.0,0,17450.0,1090.62,1,0
Apple,iPhone 7 Plus ,Rose Gold,4.5,85400,85400,3.0,256.0,0.0,0,28466.67,333.59,1,0
Apple,iPhone 6 ,Space Grey,4.4,52000,52000,1.0,16.0,0.0,0,52000.0,3250.0,1,0
Apple,iPhone 7 Plus ,Rose Gold,4.5,36999,37900,3.0,32.0,2.38,901,12333.0,1156.22,1,0
Apple,iPhone 6s ,Space Grey,4.5,62000,62000,2.0,16.0,0.0,0,31000.0,3875.0,1,0
Apple,iPhone 8 ,Silver,4.5,38999,39900,2.0,64.0,2.26,901,19499.5,609.36,1,0
Apple,iPhone 7 Plus ,Gold,4.5,85400,85400,3.0,256.0,0.0,0,28466.67,333.59,1,0
Apple,iPhone XS Max ,Gold,4.6,73999,109900,4.0,64.0,32.67,35901,18499.75,1156.23,1,0
Apple,iPhone 13 Mini ,Red,0.0,99900,99900,6.0,512.0,0.0,0,16650.0,195.12,1,0
Apple,iPhone XS Max ,Silver,4.6,73999,109900,4.0,64.0,32.67,35901,18499.75,1156.23,1,0
Apple,iPhone 6s Plus ,Gold,4.4,34900,34900,2.0,32.0,0.0,0,17450.0,1090.62,1,0
Apple,iPhone 6 Plus ,Silver,4.5,48999,48999,1.0,64.0,0.0,0,48999.0,765.61,1,0
Apple,iPhone XS ,Gold,4.7,76999,103900,4.0,256.0,25.89,26901,19249.75,300.78,1,0
Apple,iPhone 6 Plus ,Space Grey,4.5,48999,48999,1.0,64.0,0.0,0,48999.0,765.61,1,0
Apple,iPhone XS ,Silver,4.7,62999,89900,4.0,64.0,29.92,26901,15749.75,984.36,1,0
Apple,iPhone 7 Plus ,Jet Black,4.5,42900,42900,3.0,128.0,0.0,0,14300.0,335.16,1,0
Apple,iPhone 7 Plus ,Gold,4.5,42900,42900,3.0,128.0,0.0,0,14300.0,335.16,1,0
Apple,iPhone 7 Plus ,Black,4.5,85400,85400,3.0,256.0,0.0,0,28466.67,333.59,1,0
Apple,iPhone 7 ,Silver,4.5,34900,34900,2.0,128.0,0.0,0,17450.0,272.66,1,0
Apple,iPhone 6s ,Silver,4.5,55999,55999,2.0,128.0,0.0,0,27999.5,437.49,1,0
Apple,iPhone 6s Plus ,Silver,4.4,34900,34900,2.0,32.0,0.0,0,17450.0,1090.62,1,0
Apple,iPhone 11 Pro ,Gold,4.6,121300,121300,4.0,256.0,0.0,0,30325.0,473.83,1,0
Apple,iPhone 7 Plus ,Red,4.5,42900,42900,3.0,128.0,0.0,0,14300.0,335.16,1,0
Apple,iPhone 13 Mini ,Starlight,0.0,99900,99900,6.0,512.0,0.0,0,16650.0,195.12,1,0
Apple,iPhone 7 ,Rose Gold,4.5,34900,34900,2.0,128.0,0.0,0,17450.0,272.66,1,0
Apple,iPhone XS ,Gold,4.7,62999,89900,4.0,64.0,29.92,26901,15749.75,984.36,1,0
Apple,iPhone XS ,Gold,4.7,62999,89900,4.0,64.0,29.92,26901,15749.75,984.36,1,0
Apple,iPhone 13 Pro ,Graphite,0.0,149900,149900,6.0,512.0,0.0,0,24983.33,292.77,1,0
Apple,iPhone XS Max ,Silver,4.6,78999,124900,4.0,256.0,36.75,45901,19749.75,308.59,1,0
Apple,iPhone 7 ,Red,4.5,34900,34900,2.0,128.0,0.0,0,17450.0,272.66,1,0
Apple,iPhone 11 Pro ,Space Grey,4.6,99900,121300,4.0,256.0,17.64,21400,24975.0,390.23,1,0
Apple,iPhone 7 Plus ,Rose Gold,4.5,42900,42900,3.0,128.0,0.0,0,14300.0,335.16,1,0
Apple,iPhone 6s Plus ,Silver,4.4,59999,59999,2.0,64.0,0.0,0,29999.5,937.48,1,0
Apple,iPhone XS Max ,Gold,4.6,78999,124900,4.0,256.0,36.75,45901,19749.75,308.59,1,0
Apple,iPhone XS Max ,Space Grey,4.6,144900,144900,4.0,512.0,0.0,0,36225.0,283.01,1,0
Apple,iPhone 7 ,Black,4.5,74400,74400,2.0,256.0,0.0,0,37200.0,290.62,1,0
Apple,iPhone 6 Plus ,Silver,4.5,40999,40999,1.0,16.0,0.0,0,40999.0,2562.44,1,0
Apple,iPhone 13 Pro Max ,Silver,0.0,179900,179900,6.0,1024.0,0.0,0,29983.33,175.68,1,0
Apple,iPhone 7 ,Gold,4.5,74400,74400,2.0,256.0,0.0,0,37200.0,290.62,1,0
Apple,iPhone XS Max ,Space Grey,4.6,78999,124900,4.0,256.0,36.75,45901,19749.75,308.59,1,0
Apple,iPhone 7 ,Rose Gold,4.5,74400,74400,2.0,256.0,0.0,0,37200.0,290.62,1,0
Apple,iPhone X ,Space Gray,4.6,106900,106900,3.0,256.0,0.0,0,35633.33,417.58,1,0
Apple,iPhone 7 ,Jet Black,4.5,74400,74400,2.0,256.0,0.0,0,37200.0,290.62,1,0
Apple,iPhone 6s ,Rose Gold,4.5,72000,72000,2.0,64.0,0.0,0,36000.0,1125.0,1,0
Apple,iPhone 6s Plus ,Silver,4.4,70000,70000,2.0,128.0,0.0,0,35000.0,546.88,1,0
Apple,iPhone 11 ,Black,4.6,49900,49900,4.0,64.0,0.0,0,12475.0,779.69,1,0
Apple,iPhone 7 ,Silver,4.5,74400,74400,0.0,256.0,0.0,0,inf,290.62,1,0
Apple,iPhone 6 Plus ,Space Grey,4.5,80500,80500,1.0,128.0,0.0,0,80500.0,628.91,1,0
Apple,iPhone 6 Plus ,Gold,4.5,71500,71500,1.0,64.0,0.0,0,71500.0,1117.19,1,0
Apple,iPhone 11 ,Yellow,4.6,49900,49900,4.0,64.0,0.0,0,12475.0,779.69,1,0
Apple,iPhone 6 ,Silver,4.4,62000,62000,1.0,64.0,0.0,0,62000.0,968.75,1,0
Apple,iPhone 12 Pro Max ,Silver,4.6,129900,129900,0.0,256.0,0.0,0,inf,507.42,1,0
Apple,iPhone X ,Silver,4.6,106900,106900,3.0,256.0,0.0,0,35633.33,417.58,1,0
Apple,iPhone 11 ,Black,4.6,54900,54900,4.0,128.0,0.0,0,13725.0,428.91,1,0
Apple,iPhone 6s ,Space Grey,4.5,49999,49999,2.0,64.0,0.0,0,24999.5,781.23,1,0
Apple,iPhone 11 ,Green,4.6,64900,64900,4.0,256.0,0.0,0,16225.0,253.52,1,0
Apple,iPhone 6s ,Rose Gold,4.5,55999,55999,2.0,128.0,0.0,0,27999.5,437.49,1,0
Apple,iPhone 6s Plus ,Space Grey,4.4,72000,72000,2.0,16.0,0.0,0,36000.0,4500.0,1,0
Apple,iPhone 7 Plus ,Jet Black,4.5,36999,37900,3.0,32.0,2.38,901,12333.0,1156.22,1,0
Apple,iPhone 6s ,Silver,4.5,41999,41999,2.0,16.0,0.0,0,20999.5,2624.94,1,0
Apple,iPhone X ,Space Gray,4.6,91900,91900,3.0,64.0,0.0,0,30633.33,1435.94,1,0
Apple,iPhone 6s,Silver,0.0,29900,29900,2.0,32.0,0.0,0,14950.0,934.38,0,0
SAMSUNG,Galaxy F22 ,Denim Blue,4.3,14999,16999,6.0,128.0,11.77,2000,2499.83,117.18,0,0
SAMSUNG,Galaxy F22 ,Denim Blue,4.3,12999,14999,4.0,64.0,13.33,2000,3249.75,203.11,0,0
SAMSUNG,Galaxy F22 ,Denim Black,4.3,14999,16999,6.0,128.0,11.77,2000,2499.83,117.18,0,0
SAMSUNG,Galaxy F22 ,Denim Black,4.3,12999,14999,4.0,64.0,13.33,2000,3249.75,203.11,0,0
SAMSUNG,Galaxy F12 ,Sky Blue,4.2,11499,12999,4.0,64.0,11.54,1500,2874.75,179.67,0,0
SAMSUNG,Galaxy F12 ,Sea Green,4.2,11499,12999,4.0,64.0,11.54,1500,2874.75,179.67,0,0
SAMSUNG,M31s ,Mirage Blue,4.3,20949,20949,8.0,128.0,0.0,0,2618.62,163.66,0,0
SAMSUNG,M02s ,Blue,4.2,9539,10389,3.0,32.0,8.18,850,3179.67,298.09,0,1
SAMSUNG,Galaxy F12 ,Celestial Black,4.2,11499,12999,4.0,64.0,11.54,1500,2874.75,179.67,0,0
SAMSUNG,Guru 1200,Black,4.3,1200,1200,0.0,0.001953125,0.0,0,inf,614400.0,0,1
SAMSUNG,Galaxy M02 ,Blue,4.0,8299,8499,2.0,32.0,2.35,200,4149.5,259.34,0,1
SAMSUNG,Galaxy A12 ,Blue,4.2,15999,15999,4.0,64.0,0.0,0,3999.75,249.98,0,0
SAMSUNG,Galaxy A22 ,Black,4.3,18499,20499,6.0,128.0,9.76,2000,3083.17,144.52,0,0
SAMSUNG,Galaxy F12 ,Sky Blue,4.2,12499,13999,4.0,128.0,10.72,1500,3124.75,97.65,0,0
SAMSUNG,Galaxy A22 5G ,Mint,4.3,19818,20969,6.0,128.0,5.49,1151,3303.0,154.83,0,0
SAMSUNG,Galaxy M12 ,Blue,4.2,11510,11510,4.0,64.0,0.0,0,2877.5,179.84,0,0
SAMSUNG,M31 ,Ocean Blue,4.3,17845,17999,6.0,128.0,0.86,154,2974.17,139.41,0,0
SAMSUNG,M02s ,Black,4.2,9639,9639,3.0,32.0,0.0,0,3213.0,301.22,0,1
SAMSUNG,Galaxy A12 ,Black,4.2,11989,11989,4.0,64.0,0.0,0,2997.25,187.33,0,0
SAMSUNG,Galaxy M02 ,Grey,4.0,8850,9998,3.0,32.0,11.48,1148,2950.0,276.56,0,1
SAMSUNG,Galaxy A12 ,Blue,4.2,12144,12144,4.0,64.0,0.0,0,3036.0,189.75,0,0
SAMSUNG,Galaxy F12 ,Sea Green,4.2,12499,13999,4.0,128.0,10.72,1500,3124.75,97.65,0,0
SAMSUNG,M21 2021 Edition ,Arctic blue,4.0,13224,13899,4.0,64.0,4.86,675,3306.0,206.62,0,0
SAMSUNG,Galaxy F12 ,Celestial Black,4.2,12499,13999,4.0,128.0,10.72,1500,3124.75,97.65,0,0
SAMSUNG,Galaxy A22 5G ,Mint,4.2,23596,23696,8.0,128.0,0.42,100,2949.5,184.34,0,0
SAMSUNG,Galaxy A21s ,Blue,4.2,14839,16900,6.0,64.0,12.2,2061,2473.17,231.86,0,0
SAMSUNG,GALAXY M31S ,Mirage Black,4.3,19330,20999,8.0,128.0,7.95,1669,2416.25,151.02,0,0
SAMSUNG,Galaxy A12 ,White,4.2,15999,15999,4.0,64.0,0.0,0,3999.75,249.98,0,0
SAMSUNG,M32 5G ,Sky blue,0.0,21499,23999,6.0,128.0,10.42,2500,3583.17,167.96,0,0
SAMSUNG,Galaxy M02 ,Black,4.0,8229,8229,2.0,32.0,0.0,0,4114.5,257.16,0,1
SAMSUNG,Galaxy A12 ,Blue,3.9,14999,14999,6.0,128.0,0.0,0,2499.83,117.18,0,0
SAMSUNG,Metro 313 Dual Sim,Black,4.3,2340,2340,0.00390625,0.001953125,0.0,0,599040.0,1198080.0,0,1
SAMSUNG,Galaxy M02 ,Black,4.0,8897,8897,3.0,32.0,0.0,0,2965.67,278.03,0,1
SAMSUNG,Galaxy M31 ,Space Black,4.3,16299,16299,6.0,64.0,0.0,0,2716.5,254.67,0,0
SAMSUNG,Galaxy A21s ,Black,4.2,17499,18999,6.0,128.0,7.9,1500,2916.5,136.71,0,0
SAMSUNG,Galaxy A22 5G ,Grey,4.2,21999,23999,8.0,128.0,8.33,2000,2749.88,171.87,0,0
SAMSUNG,Galaxy Z Flip3 5G ,Cream,4.3,88999,99999,8.0,256.0,11.0,11000,11124.88,347.65,1,0
SAMSUNG,Galaxy M01 ,Blue,4.2,9990,9990,3.0,32.0,0.0,0,3330.0,312.19,0,1
SAMSUNG,Galaxy A03s ,Black,4.2,12499,14499,4.0,64.0,13.79,2000,3124.75,195.3,0,0
SAMSUNG,Galaxy F02s ,Diamond Blue,4.2,9499,10499,3.0,32.0,9.52,1000,3166.33,296.84,0,1
SAMSUNG,Galaxy A72 ,Awesome Black,4.3,34999,41999,8.0,128.0,16.67,7000,4374.88,273.43,1,0
SAMSUNG,Galaxy M31s ,Mirage Black,4.3,19725,19725,6.0,128.0,0.0,0,3287.5,154.1,0,0
SAMSUNG,Galaxy M31 ,Ocean Blue,4.3,18654,18950,8.0,128.0,1.56,296,2331.75,145.73,0,0
SAMSUNG,Galaxy M32 ,Light Blue,4.2,14690,14690,4.0,64.0,0.0,0,3672.5,229.53,0,0
SAMSUNG,Galaxy A51 ,Prism Crush Blue,4.3,22499,29999,8.0,128.0,25.0,7500,2812.38,175.77,0,0
SAMSUNG,Galaxy A12 ,White,3.9,14999,14999,6.0,128.0,0.0,0,2499.83,117.18,0,0
SAMSUNG,Galaxy Z Flip3 5G ,Cream,4.3,84999,95999,8.0,128.0,11.46,11000,10624.88,664.05,1,0
SAMSUNG,Galaxy M32 ,Black,4.2,14749,15980,4.0,64.0,7.7,1231,3687.25,230.45,0,0
SAMSUNG,Galaxy M12 ,White,4.2,14490,14999,6.0,128.0,3.39,509,2415.0,113.2,0,0
SAMSUNG,Galaxy Z Flip3 5G ,Phantom Black,4.3,84999,95999,8.0,128.0,11.46,11000,10624.88,664.05,1,0
SAMSUNG,Galaxy A22 5G ,Grey,4.3,19979,22498,6.0,128.0,11.2,2519,3329.83,156.09,0,0
SAMSUNG,Galaxy F62 ,Laser Grey,4.2,23999,29999,6.0,128.0,20.0,6000,3999.83,187.49,0,0
SAMSUNG,Galaxy A12 ,Black,3.9,15843,17480,6.0,128.0,9.36,1637,2640.5,123.77,0,0
SAMSUNG,Galaxy A52s 5G ,Awesome White,4.5,37499,40999,8.0,128.0,8.54,3500,4687.38,292.96,1,0
SAMSUNG,Galaxy A22 ,Black,4.3,17578,19499,6.0,128.0,9.85,1921,2929.67,137.33,0,0
SAMSUNG,Galaxy M21 2021 Edition ,Arctic Blue,0.0,13899,13990,4.0,64.0,0.65,91,3474.75,217.17,0,0
SAMSUNG,Galaxy M11 ,Black,4.3,11299,11300,4.0,64.0,0.01,1,2824.75,176.55,0,0
SAMSUNG,M32 5G ,Slate Black,0.0,21999,23999,6.0,128.0,8.33,2000,3666.5,171.87,0,0
SAMSUNG,Galaxy A52s 5G ,Awesome Black,4.5,37499,40999,8.0,128.0,8.54,3500,4687.38,292.96,1,0
SAMSUNG,Galaxy F62 ,Laser Blue,4.2,23999,29999,6.0,128.0,20.0,6000,3999.83,187.49,0,0
SAMSUNG,Galaxy M02 ,Grey,4.0,8289,8289,2.0,32.0,0.0,0,4144.5,259.03,0,1
SAMSUNG,Galaxy A21s ,Silver,4.2,17499,18999,6.0,128.0,7.9,1500,2916.5,136.71,0,0
SAMSUNG,Galaxy A21s ,Blue,4.2,17499,18999,6.0,128.0,7.9,1500,2916.5,136.71,0,0
SAMSUNG,Galaxy S10 Lite ,Prism Black,4.5,49999,49999,8.0,512.0,0.0,0,6249.88,97.65,1,0
SAMSUNG,Galaxy F41 ,Fusion Green,4.3,15999,19999,6.0,64.0,20.0,4000,2666.5,249.98,0,0
SAMSUNG,Galaxy F62 ,Laser Green,4.2,23999,29999,6.0,128.0,20.0,6000,3999.83,187.49,0,0
SAMSUNG,Galaxy A12 ,Black,3.9,16499,17999,6.0,128.0,8.33,1500,2749.83,128.9,0,0
SAMSUNG,Galaxy A52 ,Awesome Black,4.3,27499,30499,6.0,128.0,9.84,3000,4583.17,214.84,0,0
SAMSUNG,Galaxy A12 ,Black,3.9,14999,14999,6.0,128.0,0.0,0,2499.83,117.18,0,0
SAMSUNG,Galaxy M11 ,Black,4.2,11744,11749,3.0,32.0,0.04,5,3914.67,367.0,0,0
SAMSUNG,Galaxy A22 ,Mint,4.3,18499,20499,6.0,128.0,9.76,2000,3083.17,144.52,0,0
SAMSUNG,Galaxy A32 ,Awesome Blue,4.1,21700,21700,6.0,128.0,0.0,0,3616.67,169.53,0,0
SAMSUNG,Galaxy A52 ,Awesome Black,4.3,27499,30499,6.0,128.0,9.84,3000,4583.17,214.84,0,0
SAMSUNG,Galaxy A32 ,Awesome Blue,4.1,21700,21700,6.0,128.0,0.0,0,3616.67,169.53,0,0
SAMSUNG,Galaxy A12 ,Black,3.9,14999,14999,6.0,128.0,0.0,0,2499.83,117.18,0,0
SAMSUNG,Galaxy A22 ,Mint,4.3,18499,20499,6.0,128.0,9.76,2000,3083.17,144.52,0,0
SAMSUNG,S20 FE 5G ,Cloud Navy,0.0,49990,56990,8.0,128.0,12.28,7000,6248.75,390.55,1,0
SAMSUNG,Galaxy M31s ,Mirage Blue,4.3,19178,19900,6.0,128.0,3.63,722,3196.33,149.83,0,0
SAMSUNG,Galaxy A03s ,Black,4.0,11499,13499,3.0,32.0,14.82,2000,3833.0,359.34,0,0
SAMSUNG,Galaxy F02s ,Diamond Black,4.2,10499,11499,4.0,64.0,8.7,1000,2624.75,164.05,0,0
SAMSUNG,Galaxy A21s ,Black,4.2,15199,15380,6.0,64.0,1.18,181,2533.17,237.48,0,0
SAMSUNG,Galaxy A03s ,Blue,4.2,12499,14499,4.0,64.0,13.79,2000,3124.75,195.3,0,0
SAMSUNG,Galaxy S10 ,Prism White,4.6,92000,92000,8.0,512.0,0.0,0,11500.0,179.69,1,0
SAMSUNG,Galaxy A21s ,Black,4.2,14999,17999,4.0,64.0,16.67,3000,3749.75,234.36,0,0
SAMSUNG,Galaxy M31 ,Ocean Blue,4.3,16999,17500,6.0,64.0,2.86,501,2833.17,265.61,0,0
SAMSUNG,Galaxy A12 ,White,3.9,16499,17999,6.0,128.0,8.33,1500,2749.83,128.9,0,0
SAMSUNG,Galaxy M11 ,Violet,4.3,11699,11699,4.0,64.0,0.0,0,2924.75,182.8,0,0
SAMSUNG,M01 core ,Red,3.9,7399,7399,1.0,16.0,0.0,0,7399.0,462.44,0,1
SAMSUNG,Galaxy A12 ,White,3.9,15989,16489,6.0,128.0,3.03,500,2664.83,124.91,0,0
SAMSUNG,Galaxy A52s 5G ,Awesome Violet,4.5,37499,40999,8.0,128.0,8.54,3500,4687.38,292.96,1,0
SAMSUNG,GALAXY M51 ,Celestial Black,4.3,24990,24990,6.0,128.0,0.0,0,4165.0,195.23,0,0
SAMSUNG,Galaxy M31 ,Space Black,4.3,19990,19990,8.0,128.0,0.0,0,2498.75,156.17,0,0
SAMSUNG,Galaxy A21s ,Blue,4.2,14999,17999,4.0,64.0,16.67,3000,3749.75,234.36,0,0
SAMSUNG,Galaxy Note 20 ,Mystic Bronze,4.3,77999,86000,8.0,256.0,9.3,8001,9749.88,304.68,1,0
SAMSUNG,Guru Music 2,Black,4.3,1625,1625,0.0,0.001953125,0.0,0,inf,832000.0,0,1
SAMSUNG,Galaxy A52 ,Awesome Blue,4.4,28999,31999,8.0,128.0,9.38,3000,3624.88,226.55,0,0
SAMSUNG,Galaxy A12 ,Blue,3.9,15271,15271,6.0,128.0,0.0,0,2545.17,119.3,0,0
SAMSUNG,Galaxy Note10 Lite ,Aura Black,4.3,39990,39990,6.0,128.0,0.0,0,6665.0,312.42,1,0
SAMSUNG,Galaxy M11 ,Violet,4.2,11745,11745,3.0,32.0,0.0,0,3915.0,367.03,0,0
SAMSUNG,Galaxy A71 ,Haze Crush Silver,4.4,27499,34999,8.0,128.0,21.43,7500,3437.38,214.84,0,0
SAMSUNG,Guru Music 2,Black,4.3,1625,1625,0.0,0.001953125,0.0,0,inf,832000.0,0,1
SAMSUNG,Galaxy M12 ,Black,4.2,11290,12490,4.0,64.0,9.61,1200,2822.5,176.41,0,0
SAMSUNG,Guru FM Plus SM-B110E/D,Black,4.3,1375,1375,0.0,0.001953125,0.0,0,inf,704000.0,0,1
SAMSUNG,Guru Music 2,Black,4.3,1625,1625,0.0,16.0,0.0,0,inf,101.56,0,1
SAMSUNG,Galaxy A70s ,Prism Crush Red,4.3,30500,33100,8.0,128.0,7.85,2600,3812.5,238.28,1,0
SAMSUNG,Metro 313 Dual Sim,Black,4.2,2025,2025,0.015625,0.001953125,0.0,0,129600.0,1036800.0,0,1
SAMSUNG,Galaxy A12 ,Black,4.2,15999,15999,4.0,64.0,0.0,0,3999.75,249.98,0,0
SAMSUNG,Guru 1200,Black,4.3,1100,1100,0.0,0.001953125,0.0,0,inf,563200.0,0,1
SAMSUNG,M01 core ,Black,3.9,5999,5999,2.0,32.0,0.0,0,2999.5,187.47,0,1
SAMSUNG,Guru Music 2 SM-B310E,Black,4.2,1890,1890,0.0,16.0,0.0,0,inf,118.12,0,1
SAMSUNG,Guru FM Plus,Black,4.2,1445,1445,0.0,0.001953125,0.0,0,inf,739840.0,0,1
SAMSUNG,Galaxy M12 ,White,4.2,11730,12900,4.0,64.0,9.07,1170,2932.5,183.28,0,0
SAMSUNG,Galaxy Z Fold3 5G ,Phantom Black,4.4,157999,179999,12.0,512.0,12.22,22000,13166.58,308.59,1,0
SAMSUNG,M31s ,Mirage Blue,4.3,21950,21950,8.0,128.0,0.0,0,2743.75,171.48,0,0
SAMSUNG,Galaxy M31 ,Iceberg blue,4.3,17989,17989,6.0,128.0,0.0,0,2998.17,140.54,0,0
SAMSUNG,Galaxy A22 5G ,Violet,4.3,20696,21995,6.0,128.0,5.91,1299,3449.33,161.69,0,0
SAMSUNG,Galaxy A22 5G ,Violet,4.2,22450,22450,8.0,128.0,0.0,0,2806.25,175.39,0,0
SAMSUNG,Galaxy M32 5G ,Slate Black,0.0,24999,24999,8.0,128.0,0.0,0,3124.88,195.3,0,0
SAMSUNG,Guru GT,Black,4.1,1549,1549,0.1494140625,0.1494140625,0.0,0,10367.16,10367.16,0,1
SAMSUNG,M02s ,Blue,4.1,10398,10398,4.0,64.0,0.0,0,2599.5,162.47,0,0
SAMSUNG,Galaxy M11 ,Violet,4.2,11745,11745,3.0,32.0,0.0,0,3915.0,367.03,0,0
SAMSUNG,Guru FM Plus,Black,4.2,1445,1445,0.0,0.001953125,0.0,0,inf,739840.0,0,1
SAMSUNG,Galaxy M12 ,White,4.2,11730,12900,4.0,64.0,9.07,1170,2932.5,183.28,0,0
SAMSUNG,Galaxy Z Fold3 5G ,Phantom Black,4.4,157999,179999,12.0,512.0,12.22,22000,13166.58,308.59,1,0
SAMSUNG,Galaxy M32 ,Blue,4.2,15399,15499,4.0,64.0,0.65,100,3849.75,240.61,0,0
SAMSUNG,Galaxy M11 ,Metallic Blue,4.2,11745,11745,3.0,32.0,0.0,0,3915.0,367.03,0,0
SAMSUNG,Guru FM Plus SM-B110E/D,Black,4.3,1450,1450,0.0,0.001953125,0.0,0,inf,742400.0,0,1
SAMSUNG,Guru Music 2,Black,4.3,1450,1450,0.0,0.001953125,0.0,0,inf,742400.0,0,1
SAMSUNG,Guru FM Plus,Black,4.2,1450,1450,0.125,0.001953125,0.0,0,11600.0,742400.0,0,1
SAMSUNG,M01 core ,Blue,3.9,5999,5999,2.0,32.0,0.0,0,2999.5,187.47,0,1
SAMSUNG,Galaxy A50s ,Prism Crush Violet,4.3,14999,24900,4.0,128.0,39.76,9901,3749.75,117.18,0,0
SAMSUNG,Guru Plus B110,Black,4.2,1700,1700,0.5,0.5,0.0,0,3400.0,3400.0,0,1
SAMSUNG,Galaxy S9 Plus ,Midnight Black,4.5,70000,70000,6.0,64.0,0.0,0,11666.67,1093.75,1,0
SAMSUNG,Metro 313,Black,4.1,2599,2599,0.5,0.001953125,0.0,0,5198.0,1330688.0,0,1
SAMSUNG,Galaxy F02s ,Diamond Black,4.2,9499,10499,3.0,32.0,9.52,1000,3166.33,296.84,0,1
SAMSUNG,Galaxy M32 ,Black,4.2,15490,15490,4.0,64.0,0.0,0,3872.5,242.03,0,0
SAMSUNG,Galaxy A6 ,Gold,4.3,13999,14999,4.0,64.0,6.67,1000,3499.75,218.73,0,0
SAMSUNG,Galaxy M31 ,Space Black,4.3,17888,17888,6.0,128.0,0.0,0,2981.33,139.75,0,0
SAMSUNG,Galaxy A6+ ,Blue,4.4,25600,25600,4.0,64.0,0.0,0,6400.0,400.0,0,0
SAMSUNG,Galaxy On7 ,Gold,4.2,8490,8490,1.5,8.0,0.0,0,5660.0,1061.25,0,1
SAMSUNG,Galaxy M12 ,Black,4.2,13984,15499,6.0,128.0,9.77,1515,2330.67,109.25,0,0
SAMSUNG,Galaxy A52s 5G ,Awesome Black,4.3,35999,38999,6.0,128.0,7.69,3000,5999.83,281.24,1,0
SAMSUNG,Galaxy F02s ,Diamond White,4.2,9499,10499,3.0,32.0,9.52,1000,3166.33,296.84,0,1
SAMSUNG,Galaxy A70 ,Black,4.3,30900,30900,6.0,128.0,0.0,0,5150.0,241.41,1,0
SAMSUNG,Galaxy A22 ,Black,4.3,17575,19499,6.0,128.0,9.87,1924,2929.17,137.3,0,0
SAMSUNG,Galaxy Note 20 ,Mystic Blue,4.3,54599,79997,8.0,256.0,31.75,25398,6824.88,213.28,1,0
SAMSUNG,Galaxy A03s ,White,4.2,12499,14499,4.0,64.0,13.79,2000,3124.75,195.3,0,0
SAMSUNG,Galaxy A50s ,Prism Crush Black,4.3,14999,24900,4.0,128.0,39.76,9901,3749.75,117.18,0,0
SAMSUNG,Galaxy A21s ,White,4.2,19999,19999,6.0,64.0,0.0,0,3333.17,312.48,0,0
SAMSUNG,Metro 313,Black,4.2,2336,2336,0.00390625,0.001953125,0.0,0,598016.0,1196032.0,0,1
SAMSUNG,Galaxy A31 ,Prism Crush Black,4.3,18999,18999,6.0,128.0,0.0,0,3166.5,148.43,0,0
SAMSUNG,Galaxy A21s ,White,4.2,17999,17999,4.0,64.0,0.0,0,4499.75,281.23,0,0
SAMSUNG,Galaxy A52 ,Awesome Blue,4.3,27810,27810,6.0,128.0,0.0,0,4635.0,217.27,0,0
SAMSUNG,Galaxy M11 ,Metallic Blue,4.3,12499,12800,4.0,64.0,2.35,301,3124.75,195.3,0,0
SAMSUNG,Metro 313,Black,4.2,2299,2299,0.00390625,0.001953125,0.0,0,588544.0,1177088.0,0,1
SAMSUNG,M21 2021 Edition,Black,4.2,14859,15663,6.0,128.0,5.13,804,2476.5,116.09,0,0
SAMSUNG,Galaxy A03s ,Blue,4.0,11499,13499,3.0,32.0,14.82,2000,3833.0,359.34,0,0
SAMSUNG,M01 core ,Blue,3.9,4999,4999,1.0,16.0,0.0,0,4999.0,312.44,0,1
SAMSUNG,Galaxy A12 ,White,4.2,13999,13999,4.0,64.0,0.0,0,3499.75,218.73,0,0
SAMSUNG,Galaxy Z Fold3 5G ,Phantom Black,4.4,149999,171999,12.0,256.0,12.79,22000,12499.92,585.93,1,0
SAMSUNG,Metro 313,Black,4.1,2399,2399,0.001953125,0.001953125,0.0,0,1228288.0,1228288.0,0,1
SAMSUNG,Galaxy A6+ ,Gold,4.4,25999,25999,4.0,64.0,0.0,0,6499.75,406.23,0,0
SAMSUNG,Galaxy On7 ,Black,4.2,8490,8490,1.5,8.0,0.0,0,5660.0,1061.25,0,1
SAMSUNG,Galaxy A03s ,White,4.0,11499,13499,3.0,32.0,14.82,2000,3833.0,359.34,0,0
SAMSUNG,Metro 313,Black,4.2,2282,2282,0.00390625,0.001953125,0.0,0,584192.0,1168384.0,0,1
SAMSUNG,Galaxy Note 20 Ultra 5G ,Mystic Bronze,4.5,91999,116000,12.0,256.0,20.69,24001,7666.58,359.37,1,0
SAMSUNG,Galaxy M01s ,Light Blue,4.2,10999,10999,3.0,32.0,0.0,0,3666.33,343.72,0,0
SAMSUNG,Metro 350,Black,4.1,3013,3013,0.03125,16.0,0.0,0,96416.0,188.31,0,1
SAMSUNG,Galaxy A20s ,Black,4.3,14900,14900,4.0,64.0,0.0,0,3725.0,232.81,0,0
SAMSUNG,Galaxy J7 Prime ,Gold,4.2,16879,16879,3.0,32.0,0.0,0,5626.33,527.47,0,0
SAMSUNG,Galaxy Note 20 ,Mystic Green,4.3,77999,86000,8.0,256.0,9.3,8001,9749.88,304.68,1,0
SAMSUNG,Galaxy S20 FE ,Cloud Navy,4.0,49999,65999,8.0,128.0,24.24,16000,6249.88,390.62,1,0
SAMSUNG,Galaxy A30s ,Prism Crush Black,4.3,18199,18199,4.0,128.0,0.0,0,4549.75,142.18,0,0
SAMSUNG,Galaxy S20 FE ,Cloud White,4.0,49999,65999,8.0,128.0,24.24,16000,6249.88,390.62,1,0
SAMSUNG,Galaxy A7 ,Blue,4.4,17990,25379,4.0,64.0,29.11,7389,4497.5,281.09,0,0
SAMSUNG,Galaxy J2 Core ,Blue,4.2,6500,6500,1.0,8.0,0.0,0,6500.0,812.5,0,1
SAMSUNG,Galaxy J6 ,Blue,4.4,12990,12990,3.0,32.0,0.0,0,4330.0,405.94,0,0
SAMSUNG,Galaxy J6 ,Gold,4.5,14990,14990,4.0,64.0,0.0,0,3747.5,234.22,0,0
SAMSUNG,Galaxy A70s ,Prism Crush White,4.3,30500,33100,8.0,128.0,7.85,2600,3812.5,238.28,1,0
SAMSUNG,Metro 350,Black,4.1,3062,3062,0.03125,16.0,0.0,0,97984.0,191.38,0,1
SAMSUNG,Galaxy A20 ,Deep Blue,4.3,12900,12900,3.0,32.0,0.0,0,4300.0,403.12,0,0
SAMSUNG,Metro 313,Black,4.2,2050,2050,0.00390625,0.001953125,0.0,0,524800.0,1049600.0,0,1
SAMSUNG,Galaxy A10s ,Black,4.3,11000,11000,3.0,32.0,0.0,0,3666.67,343.75,0,0
SAMSUNG,Galaxy J6 ,Black,4.5,14990,14990,4.0,64.0,0.0,0,3747.5,234.22,0,0
SAMSUNG,Galaxy M02 ,Blue,4.0,8892,8892,3.0,32.0,0.0,0,2964.0,277.88,0,1
SAMSUNG,Galaxy M21 ,Midnight Blue,4.3,15990,15990,4.0,64.0,0.0,0,3997.5,249.84,0,0
SAMSUNG,Galaxy J2 2018 ,Gold,4.3,7500,7500,2.0,16.0,0.0,0,3750.0,468.75,0,1
SAMSUNG,Galaxy J7 Nxt ,Black,4.3,14995,14995,3.0,32.0,0.0,0,4998.33,468.59,0,0
SAMSUNG,Galaxy M30 ,Gradation Blue,4.4,13995,14455,4.0,64.0,3.18,460,3498.75,218.67,0,0
SAMSUNG,Galaxy J7 Nxt ,Gold,4.3,12000,12000,3.0,32.0,0.0,0,4000.0,375.0,0,0
SAMSUNG,Galaxy M42 ,Prism Dot Black,4.3,29998,29998,8.0,128.0,0.0,0,3749.75,234.36,0,0
SAMSUNG,Galaxy J7 Duo ,Black,4.3,17962,17962,4.0,32.0,0.0,0,4490.5,561.31,0,0
SAMSUNG,Galaxy J7 Duo ,Black,4.3,17962,17962,4.0,32.0,0.0,0,4490.5,561.31,0,0
SAMSUNG,Galaxy J2 2018 ,Black,4.3,7999,7999,2.0,16.0,0.0,0,3999.5,499.94,0,1
SAMSUNG,Galaxy A20 ,Black,4.3,11490,12900,3.0,32.0,10.93,1410,3830.0,359.06,0,0
SAMSUNG,Galaxy J2 Core ,Black,4.2,6500,6500,1.0,8.0,0.0,0,6500.0,812.5,0,1
SAMSUNG,Galaxy A9 ,Caviar Black,4.3,30990,30990,8.0,128.0,0.0,0,3873.75,242.11,1,0
SAMSUNG,Galaxy A12 ,Blue,3.9,16499,17999,6.0,128.0,8.33,1500,2749.83,128.9,0,0
SAMSUNG,Galaxy J6 Plus ,Black,4.3,14000,14000,4.0,64.0,0.0,0,3500.0,218.75,0,0
SAMSUNG,Galaxy J6 Plus ,Blue,4.3,13600,13600,4.0,64.0,0.0,0,3400.0,212.5,0,0
SAMSUNG,Metro 313 Dual Sim,Black,4.3,2290,2290,0.009765625,0.001953125,0.0,0,234496.0,1172480.0,0,1
SAMSUNG,Galaxy Fold 2 ,Mystic Bronze,3.0,149999,189999,12.0,256.0,21.05,40000,12499.92,585.93,1,0
SAMSUNG,M01 core ,Black,3.9,4999,4999,1.0,16.0,0.0,0,4999.0,312.44,0,1
SAMSUNG,Galaxy J7 - 6 New 2016 Edition) ,White,4.3,15299,15585,2.0,16.0,1.84,286,7649.5,956.19,0,0
SAMSUNG,Galaxy S20 Ultra ,Cosmic Gray,4.2,103000,103000,12.0,128.0,0.0,0,8583.33,804.69,1,0
SAMSUNG,Galaxy A20 ,Gold,4.3,12900,12900,3.0,32.0,0.0,0,4300.0,403.12,0,0
SAMSUNG,Galaxy Note 20 Ultra 5G ,Mystic Black,4.5,91999,116000,12.0,256.0,20.69,24001,7666.58,359.37,1,0
SAMSUNG,Galaxy Note 9 ,Ocean Blue,4.6,59999,59999,8.0,512.0,0.0,0,7499.88,117.19,1,0
SAMSUNG,Galaxy A10 ,Gold,4.3,8700,8700,2.0,32.0,0.0,0,4350.0,271.88,0,1
SAMSUNG,Metro B313E Dual Sim - White,Black,4.1,2299,2299,0.009765625,0.001953125,0.0,0,235417.6,1177088.0,0,1
SAMSUNG,Galaxy J2 Core ,Gold,4.2,6200,6200,1.0,8.0,0.0,0,6200.0,775.0,0,1
SAMSUNG,Galaxy M40 ,Seawater Blue,4.1,19999,19999,6.0,128.0,0.0,0,3333.17,156.24,0,0
SAMSUNG,Galaxy J2 ,White,4.1,6799,6799,1.0,8.0,0.0,0,6799.0,849.88,0,1
SAMSUNG,Galaxy A50 ,White,4.4,24000,24000,6.0,64.0,0.0,0,4000.0,375.0,0,0
SAMSUNG,B350,Black,4.0,3000,3000,0.03125,0.001953125,0.0,0,96000.0,1536000.0,0,1
SAMSUNG,Galaxy A50 ,Blue,4.4,21990,21990,6.0,64.0,0.0,0,3665.0,343.59,0,0
SAMSUNG,Galaxy J2-2017 ,Absolute black,4.2,6000,6000,1.0,8.0,0.0,0,6000.0,750.0,0,1
SAMSUNG,Galaxy J7 Nxt ,Gold,4.4,10995,10995,2.0,16.0,0.0,0,5497.5,687.19,0,0
SAMSUNG,Galaxy Grand 2 ,Gold,4.1,15999,16740,1.5,8.0,4.43,741,10666.0,1999.88,0,0
SAMSUNG,Galaxy A10 ,Red,4.3,8700,8700,2.0,32.0,0.0,0,4350.0,271.88,0,1
SAMSUNG,Galaxy S10 Plus ,Ceramic Black,4.6,91900,91900,8.0,512.0,0.0,0,11487.5,179.49,1,0
SAMSUNG,Galaxy J4 ,Gold,4.2,10990,10990,3.0,32.0,0.0,0,3663.33,343.44,0,0
SAMSUNG,Galaxy A6 ,Blue,4.3,16990,16990,4.0,64.0,0.0,0,4247.5,265.47,0,0
SAMSUNG,Galaxy A30 ,Blue,4.4,18000,18000,4.0,64.0,0.0,0,4500.0,281.25,0,0
SAMSUNG,Galaxy J4 ,Blue,4.2,13023,13023,3.0,32.0,0.0,0,4341.0,406.97,0,0
SAMSUNG,Galaxy M51 ,Celestial Black,4.4,27999,27999,8.0,128.0,0.0,0,3499.88,218.74,0,0
SAMSUNG,Galaxy A6 ,Black,4.3,23748,23748,4.0,64.0,0.0,0,5937.0,371.06,0,0
SAMSUNG,Galaxy J2 2018 ,Pink,4.3,6799,6799,2.0,16.0,0.0,0,3399.5,424.94,0,1
SAMSUNG,Galaxy A10 ,Blue,4.3,7990,8700,2.0,32.0,8.16,710,3995.0,249.69,0,1
SAMSUNG,Galaxy S10 Plus ,Ceramic White,4.5,117990,117990,12.0,1024.0,0.0,0,9832.5,115.22,1,0
SAMSUNG,Galaxy J4 ,Gold,4.3,9500,9500,2.0,16.0,0.0,0,4750.0,593.75,0,1
SAMSUNG,Galaxy J5 Prime ,Gold,4.0,14500,14500,2.0,16.0,0.0,0,7250.0,906.25,0,0
SAMSUNG,Galaxy J7 Duo ,Gold,4.3,17889,17889,4.0,32.0,0.0,0,4472.25,559.03,0,0
SAMSUNG,Galaxy M01 ,Black,4.2,8780,8780,3.0,32.0,0.0,0,2926.67,274.38,0,1
SAMSUNG,Galaxy S6 Edge ,White Pearl,4.0,44900,44900,3.0,32.0,0.0,0,14966.67,1403.12,1,0
SAMSUNG,Galaxy M02 ,Red,4.0,8083,8188,3.0,32.0,1.28,105,2694.33,252.59,0,1
SAMSUNG,Sm-B110E/D,Black,4.1,1599,1599,0.0,0.001953125,0.0,0,inf,818688.0,0,1
SAMSUNG,Galaxy M02 ,Red,4.0,7900,7900,2.0,32.0,0.0,0,3950.0,246.88,0,1
SAMSUNG,Galaxy A10s ,Green,4.4,9840,9840,2.0,32.0,0.0,0,4920.0,307.5,0,1
SAMSUNG,Galaxy S21 Ultra ,Phantom Black,4.5,105999,128999,12.0,256.0,17.83,23000,8833.25,414.06,1,0
SAMSUNG,Galaxy J4 ,Black,4.2,10990,10990,3.0,32.0,0.0,0,3663.33,343.44,0,0
SAMSUNG,Galaxy J6 ,Gold,4.4,12990,12990,3.0,32.0,0.0,0,4330.0,405.94,0,0
SAMSUNG,Galaxy J4 ,Blue,4.3,9500,9500,2.0,16.0,0.0,0,4750.0,593.75,0,1
SAMSUNG,Galaxy J4 ,Black,4.3,8990,8990,2.0,16.0,0.0,0,4495.0,561.88,0,1
SAMSUNG,Galaxy A30 ,Black,4.4,17500,17500,4.0,64.0,0.0,0,4375.0,273.44,0,0
SAMSUNG,Metro 313,Black,4.1,2299,2299,0.0,0.001953125,0.0,0,inf,1177088.0,0,1
SAMSUNG,Galaxy J7 Nxt ,Black,4.4,11995,11995,2.0,16.0,0.0,0,5997.5,749.69,0,0
SAMSUNG,Galaxy J7 - 6 New 2016 Edition) ,Black,4.3,13800,15014,2.0,16.0,8.09,1214,6900.0,862.5,0,0
SAMSUNG,Galaxy S6 Edge ,Black Sapphire,4.0,37299,37299,3.0,32.0,0.0,0,12433.0,1165.59,1,0
SAMSUNG,Galaxy J8 ,Blue,4.4,18990,18990,4.0,64.0,0.0,0,4747.5,296.72,0,0
SAMSUNG,Galaxy A7-2017 ,Gold Sand,3.8,25900,25900,3.0,32.0,0.0,0,8633.33,809.38,0,0
SAMSUNG,Galaxy A6+ ,Black,4.4,21990,21990,4.0,64.0,0.0,0,5497.5,343.59,0,0
SAMSUNG,Galaxy J6 Plus ,Red,4.3,13600,13600,4.0,64.0,0.0,0,3400.0,212.5,0,0
SAMSUNG,Galaxy J5 Prime ,Black,4.3,13500,13500,3.0,32.0,0.0,0,4500.0,421.88,0,0
SAMSUNG,Galaxy J4 Plus ,Gold,4.3,9499,9499,2.0,32.0,0.0,0,4749.5,296.84,0,1
SAMSUNG,Galaxy J6 ,Blue,4.5,9490,17108,4.0,64.0,44.53,7618,2372.5,148.28,0,1
SAMSUNG,Galaxy A8 Plus ,Gold,4.2,29990,29990,6.0,64.0,0.0,0,4998.33,468.59,0,0
SAMSUNG,Galaxy J6 ,Black,4.4,13500,13500,3.0,32.0,0.0,0,4500.0,421.88,0,0
SAMSUNG,Galaxy J8 ,Gold,4.4,19500,19500,4.0,64.0,0.0,0,4875.0,304.69,0,0
SAMSUNG,Galaxy J5 Prime ,Black,4.0,14500,14500,2.0,16.0,0.0,0,7250.0,906.25,0,0
SAMSUNG,Galaxy J8 ,Black,4.4,19500,19500,4.0,64.0,0.0,0,4875.0,304.69,0,0
SAMSUNG,Metro 350,Black,3.6,3200,3200,0.044921875,0.0625,0.0,0,71234.78,51200.0,0,1
SAMSUNG,Galaxy M51 ,Electric Blue,4.4,22999,22999,8.0,128.0,0.0,0,2874.88,179.68,0,0
SAMSUNG,Galaxy A31 ,Prism Crush Blue,4.3,16999,23999,6.0,128.0,29.17,7000,2833.17,132.8,0,0
SAMSUNG,Guru FM Plus SM-B110E/D,Black,4.3,1448,1661,0.0,0.001953125,12.82,213,inf,741376.0,0,1
SAMSUNG,Galaxy F02s ,Diamond Blue,4.2,10499,11499,4.0,64.0,8.7,1000,2624.75,164.05,0,0
SAMSUNG,Guru Music 2,Black,4.3,1882,1882,0.0,16.0,0.0,0,inf,117.62,0,1
SAMSUNG,Galaxy A22 5G ,Violet,4.2,22450,22450,8.0,128.0,0.0,0,2806.25,175.39,0,0
SAMSUNG,Galaxy F62 ,Laser Blue,4.3,25999,31999,8.0,128.0,18.75,6000,3249.88,203.12,0,0
SAMSUNG,Galaxy F41 ,Fusion Blue,4.3,14499,20999,6.0,128.0,30.95,6500,2416.5,113.27,0,0
SAMSUNG,Galaxy A80 ,Angel Gold,4.4,28490,33450,8.0,128.0,14.83,4960,3561.25,222.58,0,0
SAMSUNG,Galaxy F41 ,Fusion Green,4.3,14499,20999,6.0,128.0,30.95,6500,2416.5,113.27,0,0
SAMSUNG,Galaxy F41 ,Fusion Blue,4.3,15999,19999,6.0,64.0,20.0,4000,2666.5,249.98,0,0
SAMSUNG,Galaxy M32 5G ,Sky Blue,0.0,24998,24998,8.0,128.0,0.0,0,3124.75,195.3,0,0
SAMSUNG,M02s ,Red,4.1,9999,10490,4.0,64.0,4.68,491,2499.75,156.23,0,1
SAMSUNG,Galaxy A52 ,Awesome Black,4.4,28999,31999,8.0,128.0,9.38,3000,3624.88,226.55,0,0
SAMSUNG,Galaxy M32 5G ,Slate Black,0.0,24999,24999,8.0,128.0,0.0,0,3124.88,195.3,0,0
SAMSUNG,Galaxy A72 ,Awesome Violet,4.3,34999,41999,8.0,128.0,16.67,7000,4374.88,273.43,1,0
SAMSUNG,Galaxy F41 ,Fusion Black,4.3,14499,20999,6.0,128.0,30.95,6500,2416.5,113.27,0,0
SAMSUNG,Guru FM Plus,Black,4.2,1435,1435,0.0,0.001953125,0.0,0,inf,734720.0,0,1
SAMSUNG,Galaxy M32 ,Black,4.4,16980,18200,6.0,128.0,6.7,1220,2830.0,132.66,0,0
SAMSUNG,Galaxy A72 ,Awesome Blue,4.3,34999,41999,8.0,128.0,16.67,7000,4374.88,273.43,1,0
SAMSUNG,Galaxy M30s ,White,4.3,14990,14990,4.0,64.0,0.0,0,3747.5,234.22,0,0
SAMSUNG,Galaxy A20s ,Blue,4.3,11599,12900,3.0,32.0,10.09,1301,3866.33,362.47,0,0
SAMSUNG,Galaxy A52s 5G ,Awesome Violet,4.3,35999,38999,6.0,128.0,7.69,3000,5999.83,281.24,1,0
SAMSUNG,Galaxy A22 5G ,Violet,4.3,19999,22499,6.0,128.0,11.11,2500,3333.17,156.24,0,0
SAMSUNG,Galaxy A72 ,Awesome Blue,4.3,37999,43999,8.0,256.0,13.64,6000,4749.88,148.43,1,0
SAMSUNG,Galaxy M40 ,Midnight Blue,4.1,14300,14300,6.0,128.0,0.0,0,2383.33,111.72,0,0
SAMSUNG,Galaxy A12 ,Blue,4.2,14999,14999,4.0,128.0,0.0,0,3749.75,117.18,0,0
SAMSUNG,Galaxy A51 ,Haze Crush Silver,4.3,20999,25999,6.0,128.0,19.23,5000,3499.83,164.05,0,0
SAMSUNG,Galaxy S5 ,Shimmery White,3.9,21999,21999,2.0,16.0,0.0,0,10999.5,1374.94,0,0
SAMSUNG,M02s ,Black,4.1,11499,11499,4.0,64.0,0.0,0,2874.75,179.67,0,0
SAMSUNG,Galaxy J7 Prime 2 ,Black,4.3,14990,14990,3.0,32.0,0.0,0,4996.67,468.44,0,0
SAMSUNG,M02s ,Red,4.2,8999,8999,3.0,32.0,0.0,0,2999.67,281.22,0,1
SAMSUNG,Galaxy A12 ,Black,4.2,14999,14999,4.0,128.0,0.0,0,3749.75,117.18,0,0
SAMSUNG,Galaxy S21 Plus ,Phantom Black,4.4,71999,100999,8.0,128.0,28.71,29000,8999.88,562.49,1,0
SAMSUNG,Galaxy A20s ,Green,4.3,11599,12900,3.0,32.0,10.09,1301,3866.33,362.47,0,0
SAMSUNG,SAMSUNG Metro 350 Dual Sim,Black,4.1,2899,2899,0.03125,0.001953125,0.0,0,92768.0,1484288.0,0,1
SAMSUNG,Galaxy F62 ,Laser Grey,4.3,25999,31999,8.0,128.0,18.75,6000,3249.88,203.12,0,0
SAMSUNG,Galaxy A51 ,Prism Crush Black,4.3,20999,25999,6.0,128.0,19.23,5000,3499.83,164.05,0,0
SAMSUNG,Galaxy Fold 2 ,Mystic Black,3.0,149999,189999,12.0,256.0,21.05,40000,12499.92,585.93,1,0
SAMSUNG,Galaxy A9 ,Caviar Black,4.4,19990,19990,6.0,128.0,0.0,0,3331.67,156.17,0,0
SAMSUNG,Galaxy S21 ,Phantom Gray,4.3,73999,87999,8.0,256.0,15.91,14000,9249.88,289.06,1,0
SAMSUNG,Galaxy A12 ,White,4.2,14999,14999,4.0,128.0,0.0,0,3749.75,117.18,0,0
SAMSUNG,Galaxy Note10 Lite ,Aura Glow,4.3,39999,45000,8.0,128.0,11.11,5001,4999.88,312.49,1,0
SAMSUNG,Galaxy M42 5G ,Prism Dot Black,4.3,21450,21450,6.0,128.0,0.0,0,3575.0,167.58,0,0
SAMSUNG,Galaxy A7 ,Blue,4.4,24600,24600,6.0,128.0,0.0,0,4100.0,192.19,0,0
SAMSUNG,Galaxy On8 ,Black,4.4,19990,19990,4.0,64.0,0.0,0,4997.5,312.34,0,0
SAMSUNG,Galaxy M42 ,Prism Dot Gray,4.3,24499,25900,8.0,128.0,5.41,1401,3062.38,191.4,0,0
SAMSUNG,Galaxy J2 Core ,Gold,4.2,6999,6999,1.0,16.0,0.0,0,6999.0,437.44,0,1
SAMSUNG,Galaxy J2 Core ,Black,4.2,6999,6999,1.0,16.0,0.0,0,6999.0,437.44,0,1
SAMSUNG,Guru FM Plus,Black,4.2,1100,1100,0.0,0.001953125,0.0,0,inf,563200.0,0,1
SAMSUNG,Galaxy S20+ ,Cloud Blue,4.4,54999,83000,8.0,128.0,33.74,28001,6874.88,429.68,1,0
SAMSUNG,Galaxy A2 Core ,Dark Gray,4.2,5900,5900,1.0,16.0,0.0,0,5900.0,368.75,0,1
SAMSUNG,Galaxy M10 ,Ocean Blue,4.3,8190,8190,2.0,16.0,0.0,0,4095.0,511.88,0,1
SAMSUNG,M31 Prime ,Space Black,4.3,16750,16800,6.0,128.0,0.3,50,2791.67,130.86,0,0
SAMSUNG,Galaxy J2 Core ,Blue,4.2,6999,6999,1.0,16.0,0.0,0,6999.0,437.44,0,1
SAMSUNG,Galaxy Star 2 ,Iris Charcoal,3.9,4890,4890,0.5,4.0,0.0,0,9780.0,1222.5,0,1
SAMSUNG,Galaxy F02s ,Diamond White,4.2,10499,11499,4.0,64.0,8.7,1000,2624.75,164.05,0,0
SAMSUNG,B351E/Metro 350,Black,4.2,2870,2870,0.03125,0.001953125,0.0,0,91840.0,1469440.0,0,1
SAMSUNG,Galaxy J4 Plus ,Black,4.3,9000,9000,2.0,32.0,0.0,0,4500.0,281.25,0,1
SAMSUNG,Galaxy A10s ,Black,4.4,10000,10000,2.0,32.0,0.0,0,5000.0,312.5,0,0
SAMSUNG,Metro 350,Black,4.1,2849,2849,0.03125,16.0,0.0,0,91168.0,178.06,0,1
SAMSUNG,Galaxy F62 ,Laser Green,4.3,25999,31999,8.0,128.0,18.75,6000,3249.88,203.12,0,0
SAMSUNG,Galaxy A51 ,Prism Crush White,4.3,22499,29999,8.0,128.0,25.0,7500,2812.38,175.77,0,0
SAMSUNG,M01 core ,Red,3.9,5990,5990,2.0,32.0,0.0,0,2995.0,187.19,0,1
SAMSUNG,Galaxy A10s ,Blue,4.3,11000,11000,3.0,32.0,0.0,0,3666.67,343.75,0,0
SAMSUNG,Galaxy Note 9 ,Midnight Black,4.6,49999,49999,8.0,512.0,0.0,0,6249.88,97.65,1,0
SAMSUNG,Galaxy Star 2 ,White,3.9,4890,4890,0.5,4.0,0.0,0,9780.0,1222.5,0,1
SAMSUNG,Galaxy M30s ,Black,4.1,16999,16999,6.0,128.0,0.0,0,2833.17,132.8,0,0
SAMSUNG,Sm-B110E/D,Black,4.1,1497,1497,0.0,0.001953125,0.0,0,inf,766464.0,0,1
SAMSUNG,Galaxy S21 ,Phantom Violet,4.3,69999,83999,8.0,128.0,16.67,14000,8749.88,546.87,1,0
SAMSUNG,Galaxy A51 ,Prism Crush Blue,4.3,20999,25999,6.0,128.0,19.23,5000,3499.83,164.05,0,0
SAMSUNG,Galaxy S9 ,Midnight Black,4.4,62500,62500,4.0,64.0,0.0,0,15625.0,976.56,1,0
SAMSUNG,Galaxy A7 2016 Edition ,Gold,4.1,17490,17490,3.0,16.0,0.0,0,5830.0,1093.12,0,0
SAMSUNG,Metro XL,Black,4.2,3271,3271,0.0625,0.125,0.0,0,52336.0,26168.0,0,1
SAMSUNG,Galaxy A7 2016 Edition ,Gold,4.1,17490,17490,3.0,16.0,0.0,0,5830.0,1093.12,0,0
SAMSUNG,Metro XL,Black,4.2,3271,3271,0.0625,0.125,0.0,0,52336.0,26168.0,0,1
SAMSUNG,Galaxy M21 ,Iceberg Blue,4.3,13760,13760,4.0,64.0,0.0,0,3440.0,215.0,0,0
SAMSUNG,Z2 ,Black,3.6,4790,4790,1.0,8.0,0.0,0,4790.0,598.75,0,1
SAMSUNG,Galaxy A2 Core ,Gold,4.2,5900,5900,1.0,16.0,0.0,0,5900.0,368.75,0,1
SAMSUNG,Galaxy M10 ,Ocean Blue,4.3,8690,9290,3.0,32.0,6.46,600,2896.67,271.56,0,1
SAMSUNG,Galaxy A71 ,Prism Crush Blue,4.4,27499,34999,8.0,128.0,21.43,7500,3437.38,214.84,0,0
SAMSUNG,Galaxy J7 Prime ,Black,4.2,10990,10990,3.0,16.0,0.0,0,3663.33,686.88,0,0
SAMSUNG,Galaxy A30 ,Red,4.4,18000,18000,4.0,64.0,0.0,0,4500.0,281.25,0,0
SAMSUNG,Galaxy M10S ,Stainless Black,4.4,9100,10000,3.0,32.0,9.0,900,3033.33,284.38,0,1
SAMSUNG,Galaxy A9 ,Lemonade Blue,4.3,39000,39000,8.0,128.0,0.0,0,4875.0,304.69,1,0
SAMSUNG,Galaxy A70 ,Blue,4.3,30900,30900,6.0,128.0,0.0,0,5150.0,241.41,1,0
SAMSUNG,Galaxy J1 Ace ,Black,3.9,4988,4988,0.5,4.0,0.0,0,9976.0,1247.0,0,1
SAMSUNG,Z1 ,White,3.5,3990,3990,0.75,4.0,0.0,0,5320.0,997.5,0,1
SAMSUNG,Galaxy M20 ,Ocean Blue,4.3,11999,11999,4.0,64.0,0.0,0,2999.75,187.48,0,0
SAMSUNG,Galaxy A20s ,Green,4.3,13695,14900,4.0,64.0,8.09,1205,3423.75,213.98,0,0
SAMSUNG,Galaxy A30 ,White,4.4,18000,18000,4.0,64.0,0.0,0,4500.0,281.25,0,0
SAMSUNG,Galaxy J5 ,Black,4.3,7990,7990,1.5,8.0,0.0,0,5326.67,998.75,0,1
SAMSUNG,Galaxy On6 ,Blue,4.3,17600,17600,4.0,64.0,0.0,0,4400.0,275.0,0,0
SAMSUNG,Galaxy J5 ,White,4.3,11390,11390,1.5,8.0,0.0,0,7593.33,1423.75,0,0
SAMSUNG,Galaxy A51 ,Haze Crush Silver,4.3,22499,29999,8.0,128.0,25.0,7500,2812.38,175.77,0,0
SAMSUNG,Galaxy Note 5 ,black sapphire,3.9,46900,46900,4.0,32.0,0.0,0,11725.0,1465.62,1,0
SAMSUNG,Galaxy J2 ,Gold,4.1,7400,7400,1.0,8.0,0.0,0,7400.0,925.0,0,1
SAMSUNG,Galaxy A50s ,Prism Crush White,4.3,14999,24900,4.0,128.0,39.76,9901,3749.75,117.18,0,0
SAMSUNG,Galaxy Note 9 ,Ocean Blue,4.6,53999,73990,6.0,128.0,27.02,19991,8999.83,421.87,1,0
SAMSUNG,Galaxy Note 9 ,Metallic Copper,4.6,73600,73600,6.0,128.0,0.0,0,12266.67,575.0,1,0
SAMSUNG,Galaxy S10 ,Prism White,4.6,39999,71000,8.0,128.0,43.66,31001,4999.88,312.49,1,0
SAMSUNG,Galaxy S4 Mini ,White Frost,3.8,20400,20400,1.5,8.0,0.0,0,13600.0,2550.0,0,0
SAMSUNG,Galaxy A50s ,Prism Crush White,4.3,21099,26900,6.0,128.0,21.57,5801,3516.5,164.84,0,0
SAMSUNG,M31 Prime ,IceBerg Blue,4.3,18699,18699,6.0,64.0,0.0,0,3116.5,292.17,0,0
SAMSUNG,Galaxy A20 ,Red,4.3,12900,12900,3.0,32.0,0.0,0,4300.0,403.12,0,0
SAMSUNG,Galaxy M20 ,Ocean Blue,4.2,9990,9990,32.0,0.0,0.0,0,312.19,inf,0,1
SAMSUNG,Galaxy A9 Pro ,White,4.3,26900,26900,4.0,32.0,0.0,0,6725.0,840.62,0,0
SAMSUNG,Galaxy J7 Prime 2 ,Gold,4.3,14990,14990,3.0,32.0,0.0,0,4996.67,468.44,0,0
SAMSUNG,Galaxy M10 ,Charcoal Black,4.3,8650,9290,3.0,32.0,6.89,640,2883.33,270.31,0,1
SAMSUNG,Galaxy S21 Plus ,Phantom Violet,4.4,71999,100999,8.0,128.0,28.71,29000,8999.88,562.49,1,0
SAMSUNG,Galaxy S21 Plus ,Phantom Violet,4.4,75999,104999,8.0,256.0,27.62,29000,9499.88,296.87,1,0
SAMSUNG,Galaxy J2 - 2016 ,Black,4.0,6990,6990,1.5,8.0,0.0,0,4660.0,873.75,0,1
SAMSUNG,Galaxy Note 9 ,Lavender Purple,4.6,73600,73600,6.0,128.0,0.0,0,12266.67,575.0,1,0
SAMSUNG,Galaxy S6 Edge ,White Pearl,4.0,44900,44900,3.0,32.0,0.0,0,14966.67,1403.12,1,0
SAMSUNG,Galaxy J7 Duo ,Blue,4.3,17990,17990,4.0,32.0,0.0,0,4497.5,562.19,0,0
SAMSUNG,Galaxy A32 ,Awesome Violet,4.1,21999,24999,6.0,128.0,12.0,3000,3666.5,171.87,0,0
SAMSUNG,Galaxy A50s ,Prism Crush Black,4.3,21099,26900,6.0,128.0,21.57,5801,3516.5,164.84,0,0
SAMSUNG,Galaxy S21 ,Phantom Violet,4.3,73999,87999,8.0,256.0,15.91,14000,9249.88,289.06,1,0
SAMSUNG,Galaxy A71 ,Prism Crush Silver,4.4,27499,34999,8.0,128.0,21.43,7500,3437.38,214.84,0,0
SAMSUNG,Galaxy A10s ,Green,4.4,10000,10000,2.0,32.0,0.0,0,5000.0,312.5,0,0
SAMSUNG,Galaxy J2 Pro ,Black,4.2,8200,8200,2.0,16.0,0.0,0,4100.0,512.5,0,1
SAMSUNG,Galaxy M42 5G ,Prism Dot Gray,4.3,17000,21540,6.0,128.0,21.08,4540,2833.33,132.81,0,0
SAMSUNG,Galaxy J7 - 6 New 2016 Edition) ,Gold,4.3,13800,13800,2.0,16.0,0.0,0,6900.0,862.5,0,0
SAMSUNG,Galaxy A70s ,Prism Crush Black,4.3,17999,31000,6.0,128.0,41.94,13001,2999.83,140.62,0,0
SAMSUNG,Galaxy Note 10 Plus ,Aura Black,4.6,95000,95000,12.0,512.0,0.0,0,7916.67,185.55,1,0
SAMSUNG,Galaxy A52 ,Awesome Violet,4.4,28999,31999,8.0,128.0,9.38,3000,3624.88,226.55,0,0
SAMSUNG,Galaxy S10 Lite ,Prism Blue,4.5,45999,51000,8.0,512.0,9.81,5001,5749.88,89.84,1,0
SAMSUNG,Galaxy A30s ,Prism Crush White,4.3,15899,18900,4.0,64.0,15.88,3001,3974.75,248.42,0,0
SAMSUNG,Metro 350,Black,4.1,2940,2940,0.03125,16.0,0.0,0,94080.0,183.75,0,1
SAMSUNG,Galaxy S8 ,Burgundy Red,4.6,49990,49990,4.0,64.0,0.0,0,12497.5,781.09,1,0
SAMSUNG,Galaxy Note 5 ,Silver,3.9,56999,56999,4.0,32.0,0.0,0,14249.75,1781.22,1,0
SAMSUNG,Galaxy A7 2016 Edition ,White,4.1,20700,20700,3.0,16.0,0.0,0,6900.0,1293.75,0,0
SAMSUNG,Z4 ,Gold,3.5,6200,6200,1.0,8.0,0.0,0,6200.0,775.0,0,1
SAMSUNG,Galaxy A72 ,Awesome Violet,4.3,37999,43999,8.0,256.0,13.64,6000,4749.88,148.43,1,0
SAMSUNG,Galaxy Star Advance ,White,3.8,5499,5499,0.5,4.0,0.0,0,10998.0,1374.75,0,1
SAMSUNG,Galaxy A80 ,Ghost White,4.4,29899,29899,8.0,128.0,0.0,0,3737.38,233.59,0,0
SAMSUNG,Galaxy J1 ,Blue,4.0,7454,7454,0.5,4.0,0.0,0,14908.0,1863.5,0,1
SAMSUNG,Galaxy S20 ,Cloud Pink,4.3,74000,74000,8.0,128.0,0.0,0,9250.0,578.12,1,0
SAMSUNG,B351E/Metro 350,Black,4.2,2089,2089,0.03125,0.001953125,0.0,0,66848.0,1069568.0,0,1
SAMSUNG,Galaxy A9 ,Lemonade Blue,4.4,36000,36000,6.0,128.0,0.0,0,6000.0,281.25,1,0
SAMSUNG,Metro 350,Black,4.1,2815,2815,0.03125,0.001953125,0.0,0,90080.0,1441280.0,0,1
SAMSUNG,Galaxy S9 ,Coral Blue,4.4,61900,61900,4.0,128.0,0.0,0,15475.0,483.59,1,0
SAMSUNG,Galaxy Z Flip ,Mirror Black,0.0,66000,66000,8.0,256.0,0.0,0,8250.0,257.81,1,0
SAMSUNG,Galaxy Alpha ,Frosted Gold,3.6,42000,42000,2.0,32.0,0.0,0,21000.0,1312.5,1,0
SAMSUNG,Galaxy Alpha ,Charcoal Black,3.6,22389,22389,2.0,32.0,0.0,0,11194.5,699.66,0,0
SAMSUNG,Galaxy S9 Plus ,Burgundy Red,4.5,70000,70000,6.0,64.0,0.0,0,11666.67,1093.75,1,0
SAMSUNG,Metro 350,Black,4.1,2699,3270,0.044921875,0.001953125,17.46,571,60082.09,1381888.0,0,1
SAMSUNG,Galaxy A51 ,Prism Crush White,4.3,20999,25999,6.0,128.0,19.23,5000,3499.83,164.05,0,0
SAMSUNG,Galaxy Note10 Lite ,Aura Red,4.3,37999,43000,6.0,128.0,11.63,5001,6333.17,296.87,1,0
SAMSUNG,Galaxy Core Prime G361 Dual Sim - White ,White,3.7,7999,7999,1.0,8.0,0.0,0,7999.0,999.88,0,1
SAMSUNG,Galaxy A70s ,Prism Crush Black,4.3,30500,33100,8.0,128.0,7.85,2600,3812.5,238.28,1,0
SAMSUNG,Galaxy A7 2016 Edition ,Black,4.1,20700,20700,3.0,16.0,0.0,0,6900.0,1293.75,0,0
SAMSUNG,Galaxy S21 ,Phantom White,4.3,69999,83999,8.0,128.0,16.67,14000,8749.88,546.87,1,0
SAMSUNG,Galaxy S9 Plus ,Midnight Black,4.5,68900,68900,6.0,128.0,0.0,0,11483.33,538.28,1,0
SAMSUNG,Metro,Black,4.2,2849,2849,0.03125,0.001953125,0.0,0,91168.0,1458688.0,0,1
SAMSUNG,Galaxy A52 ,Awesome Violet,4.3,27499,30499,6.0,128.0,9.84,3000,4583.17,214.84,0,0
SAMSUNG,Galaxy E7 ,Black,4.3,16200,16200,2.0,16.0,0.0,0,8100.0,1012.5,0,0
SAMSUNG,Z1 ,Black,3.5,3990,3990,0.75,4.0,0.0,0,5320.0,997.5,0,1
SAMSUNG,Galaxy S9 ,Midnight Black,4.4,61900,61900,4.0,128.0,0.0,0,15475.0,483.59,1,0
SAMSUNG,Galaxy S9 Plus ,Coral Blue,4.5,70000,70000,6.0,64.0,0.0,0,11666.67,1093.75,1,0
SAMSUNG,Galaxy Note 8 ,Orchid Grey,4.6,49999,49999,6.0,64.0,0.0,0,8333.17,781.23,1,0
SAMSUNG,Galaxy A5-2017 ,Black Sky,4.1,22900,22900,3.0,32.0,0.0,0,7633.33,715.62,0,0
SAMSUNG,Tizen Z3 ,Gold,3.3,6990,6990,1.0,8.0,0.0,0,6990.0,873.75,0,1
SAMSUNG,Galaxy J4 Plus ,Blue,4.3,9000,9000,2.0,32.0,0.0,0,4500.0,281.25,0,1
SAMSUNG,Galaxy S10 Plus ,Prism Blue,4.6,59900,59900,8.0,128.0,0.0,0,7487.5,467.97,1,0
SAMSUNG,Galaxy On Nxt ,Black,4.3,11200,11200,3.0,16.0,0.0,0,3733.33,700.0,0,0
SAMSUNG,Galaxy M30S ,Pearl white,4.3,16999,16999,4.0,128.0,0.0,0,4249.75,132.8,0,0
SAMSUNG,Galaxy S9 Plus ,Lilac Purple,4.5,68900,68900,6.0,128.0,0.0,0,11483.33,538.28,1,0
SAMSUNG,Galaxy On8 ,Blue,4.4,19990,19990,4.0,64.0,0.0,0,4997.5,312.34,0,0
SAMSUNG,Galaxy Note 5 ,Silver Titanium,4.1,46300,46300,4.0,32.0,0.0,0,11575.0,1446.88,1,0
SAMSUNG,Galaxy A10s ,Blue,4.4,10000,10000,2.0,32.0,0.0,0,5000.0,312.5,0,0
SAMSUNG,Galaxy J2 Ace ,Silver,4.1,8090,8090,1.5,8.0,0.0,0,5393.33,1011.25,0,1
SAMSUNG,Galaxy A5-2017 ,Gold Sand,4.1,22900,22900,3.0,32.0,0.0,0,7633.33,715.62,0,0
SAMSUNG,Metro XL,Black,4.2,3780,3780,0.0625,0.125,0.0,0,60480.0,30240.0,0,1
SAMSUNG,Galaxy S4 ,Deep Black,3.9,15999,15999,2.0,16.0,0.0,0,7999.5,999.94,0,0
SAMSUNG,Galaxy Note 3 ,Classic White,4.2,50650,50650,3.0,32.0,0.0,0,16883.33,1582.81,1,0
SAMSUNG,Galaxy S Duos 3 ,Charcoal Grey,4.0,6499,6499,0.5,4.0,0.0,0,12998.0,1624.75,0,1
SAMSUNG,Galaxy A22 ,Mint,4.3,16999,19499,6.0,128.0,12.82,2500,2833.17,132.8,0,0
SAMSUNG,Galaxy S21 Plus ,Phantom Black,4.4,75999,104999,8.0,256.0,27.62,29000,9499.88,296.87,1,0
SAMSUNG,Galaxy J2 Ace ,Gold,4.1,8090,8090,1.5,8.0,0.0,0,5393.33,1011.25,0,1
SAMSUNG,Galaxy Note 5 ,Gold Platinum,4.1,46300,46300,4.0,32.0,0.0,0,11575.0,1446.88,1,0
SAMSUNG,Galaxy S Duos 3 ,Ceramic White,4.0,6048,6048,0.5,4.0,0.0,0,12096.0,1512.0,0,1
SAMSUNG,Galaxy A3 ,Champagne Gold,4.0,8190,8190,1.0,16.0,0.0,0,8190.0,511.88,0,1
SAMSUNG,Galaxy Note 5 ,black sapphire,4.1,46300,46300,4.0,32.0,0.0,0,11575.0,1446.88,1,0
SAMSUNG,Galaxy S6 Edge ,White Pearl,4.0,53900,53900,3.0,64.0,0.0,0,17966.67,842.19,1,0
SAMSUNG,Galaxy A70s ,Prism Crush White,4.3,17999,31000,6.0,128.0,41.94,13001,2999.83,140.62,0,0
SAMSUNG,Galaxy On Nxt ,Gold,4.3,11200,11200,3.0,16.0,0.0,0,3733.33,700.0,0,0
SAMSUNG,Galaxy A7 ,Black,4.4,24600,24600,6.0,128.0,0.0,0,4100.0,192.19,0,0
SAMSUNG,Galaxy A70s ,Prism Crush Red,4.3,17999,31000,6.0,128.0,41.94,13001,2999.83,140.62,0,0
SAMSUNG,Galaxy Note10 Lite ,Aura Red,4.3,39999,45000,8.0,128.0,11.11,5001,4999.88,312.49,1,0
SAMSUNG,Galaxy Note 3 Neo ,Black,4.2,19900,19900,2.0,16.0,0.0,0,9950.0,1243.75,0,0
SAMSUNG,Galaxy A8 ,White,4.2,33500,33500,2.0,32.0,0.0,0,16750.0,1046.88,1,0
SAMSUNG,Galaxy Note 5 ,Silver Titanium,3.9,38900,38900,4.0,32.0,0.0,0,9725.0,1215.62,1,0
SAMSUNG,Galaxy S10 Plus ,Prism White,4.6,59900,59900,8.0,128.0,0.0,0,7487.5,467.97,1,0
SAMSUNG,Metro B312E Dual Sim - White,Black,4.4,1599,1599,0.009765625,0.001953125,0.0,0,163737.6,818688.0,0,1
SAMSUNG,Galaxy A2 Core ,Blue,4.2,5900,5900,1.0,16.0,0.0,0,5900.0,368.75,0,1
SAMSUNG,Galaxy A5 2016 Edition ,White,4.1,14490,14490,2.0,16.0,0.0,0,7245.0,905.62,0,0
SAMSUNG,Galaxy S9 Plus ,Lilac Purple,4.5,70000,70000,6.0,64.0,0.0,0,11666.67,1093.75,1,0
SAMSUNG,Galaxy S6 Edge ,Gold Platinum,4.0,53900,53900,3.0,64.0,0.0,0,17966.67,842.19,1,0
SAMSUNG,Galaxy S5 ,Charcoal Black,3.9,21999,21999,2.0,16.0,0.0,0,10999.5,1374.94,0,0
SAMSUNG,Galaxy Note 3 ,Jet Black,4.2,21999,21999,3.0,32.0,0.0,0,7333.0,687.47,0,0
SAMSUNG,Galaxy J1 ,Black,4.0,7550,7550,1.0,8.0,0.0,0,7550.0,943.75,0,1
SAMSUNG,Galaxy S9 ,Lilac Purple,4.4,39900,39900,4.0,128.0,0.0,0,9975.0,311.72,1,0
SAMSUNG,Galaxy S9 Plus ,Polaris Blue,4.5,70000,70000,6.0,64.0,0.0,0,11666.67,1093.75,1,0
SAMSUNG,Galaxy S5 ,Copper Gold,3.9,21999,21999,2.0,16.0,0.0,0,10999.5,1374.94,0,0
SAMSUNG,Galaxy S9 Plus ,Coral Blue,4.5,68900,68900,6.0,128.0,0.0,0,11483.33,538.28,1,0
SAMSUNG,Metro 313,Black,4.1,1990,1990,0.0,16.0,0.0,0,inf,124.38,0,1
SAMSUNG,Galaxy A5 2016 Edition ,Gold,4.1,14490,14490,2.0,16.0,0.0,0,7245.0,905.62,0,0
SAMSUNG,Galaxy J1 ,Gold,4.0,7550,7550,1.0,8.0,0.0,0,7550.0,943.75,0,1
SAMSUNG,Galaxy A50 ,White,4.3,21000,21000,4.0,64.0,0.0,0,5250.0,328.12,0,0
SAMSUNG,Galaxy A3 ,Pearl White,4.0,10800,10800,1.0,16.0,0.0,0,10800.0,675.0,0,0
SAMSUNG,Galaxy On6 ,Black,4.3,17600,17600,4.0,64.0,0.0,0,4400.0,275.0,0,0
SAMSUNG,Galaxy S9 Plus ,Sunrise Gold,4.5,68900,68900,6.0,128.0,0.0,0,11483.33,538.28,1,0
SAMSUNG,Galaxy J2 - 2016 ,Silver,4.0,7200,7200,1.5,8.0,0.0,0,4800.0,900.0,0,1
SAMSUNG,Galaxy S10 Lite ,Prism Black,4.5,40999,43999,8.0,128.0,6.82,3000,5124.88,320.3,1,0
SAMSUNG,Galaxy S9 ,Lilac Purple,4.4,62500,62500,4.0,64.0,0.0,0,15625.0,976.56,1,0
SAMSUNG,Galaxy A8 ,Gold,4.2,25990,25990,2.0,32.0,0.0,0,12995.0,812.19,0,0
SAMSUNG,Galaxy Note 9 ,Alpine White,4.6,73600,73600,6.0,128.0,0.0,0,12266.67,575.0,1,0
SAMSUNG,Galaxy J7 ,White,4.3,11700,11700,1.5,16.0,0.0,0,7800.0,731.25,0,0
SAMSUNG,Galaxy S5 ,Electric Blue,3.9,21999,21999,2.0,16.0,0.0,0,10999.5,1374.94,0,0
SAMSUNG,Galaxy A8 ,Black,4.2,25990,25990,2.0,32.0,0.0,0,12995.0,812.19,0,0
SAMSUNG,Galaxy Core ,Chic White,4.0,14700,14700,1.0,8.0,0.0,0,14700.0,1837.5,0,0
SAMSUNG,Metro SM-B313ez,Black,4.1,2340,2340,0.0,16.0,0.0,0,inf,146.25,0,1
SAMSUNG,Galaxy S9 ,Coral Blue,4.4,62500,62500,4.0,64.0,0.0,0,15625.0,976.56,1,0
SAMSUNG,Galaxy J5 ,Gold,4.3,10490,10490,1.5,8.0,0.0,0,6993.33,1311.25,0,0
SAMSUNG,Galaxy Note 10 ,Aura Black,4.5,73600,75000,8.0,256.0,1.87,1400,9200.0,287.5,1,0
SAMSUNG,Galaxy A30s ,Prism Crush Violet,4.3,19900,19900,4.0,128.0,0.0,0,4975.0,155.47,0,0
SAMSUNG,Galaxy Grand Neo ,White,3.8,13500,13500,1.0,8.0,0.0,0,13500.0,1687.5,0,0
SAMSUNG,Galaxy Note 4 ,Charcoal Black,4.1,36900,36900,3.0,32.0,0.0,0,12300.0,1153.12,1,0
SAMSUNG,Galaxy Note 10 Plus ,Aura Black,4.6,59999,85000,12.0,256.0,29.41,25001,4999.92,234.37,1,0
SAMSUNG,Galaxy J7 ,Gold,4.3,11700,11700,1.5,16.0,0.0,0,7800.0,731.25,0,0
SAMSUNG,On7 Pro ,Gold,4.1,5990,9499,2.0,16.0,36.94,3509,2995.0,374.38,0,1
SAMSUNG,B351E/Metro 350,Black,4.2,2980,2980,0.03125,0.001953125,0.0,0,95360.0,1525760.0,0,1
SAMSUNG,Galaxy S4 ,White Frost,3.9,40690,40690,2.0,16.0,0.0,0,20345.0,2543.12,1,0
SAMSUNG,Galaxy J7 ,Black,4.3,11700,11700,1.5,16.0,0.0,0,7800.0,731.25,0,0
SAMSUNG,Galaxy Note 10 ,Aura Red,4.5,73600,75000,8.0,256.0,1.87,1400,9200.0,287.5,1,0
SAMSUNG,Galaxy S10e ,Prism White,4.5,59000,59000,6.0,128.0,0.0,0,9833.33,460.94,1,0
SAMSUNG,Galaxy J5 Prime ,Gold,4.3,13900,13900,3.0,32.0,0.0,0,4633.33,434.38,0,0
SAMSUNG,Galaxy On8 ,Black,4.3,13490,13490,3.0,16.0,0.0,0,4496.67,843.12,0,0
SAMSUNG,Galaxy A9 Pro ,Black,4.3,22900,22900,4.0,32.0,0.0,0,5725.0,715.62,0,0
SAMSUNG,Galaxy S7 Edge ,Blue Coral,4.4,41900,41900,4.0,32.0,0.0,0,10475.0,1309.38,1,0
SAMSUNG,Galaxy J2 ,Black,4.1,7400,7400,1.0,8.0,0.0,0,7400.0,925.0,0,1
SAMSUNG,Galaxy Note 9 ,Metallic Copper,4.6,93000,93000,8.0,512.0,0.0,0,11625.0,181.64,1,0
SAMSUNG,Galaxy Note 10 Plus ,Aura White,4.6,59999,85000,12.0,256.0,29.41,25001,4999.92,234.37,1,0
SAMSUNG,Galaxy A7 ,Champagne Gold,4.1,19990,19990,2.0,16.0,0.0,0,9995.0,1249.38,0,0
SAMSUNG,Galaxy S7 Edge ,Silver Titanium,4.4,41900,41900,4.0,32.0,0.0,0,10475.0,1309.38,1,0
SAMSUNG,Galaxy M30S ,Quartz Green,4.3,15499,15999,4.0,128.0,3.13,500,3874.75,121.09,0,0
SAMSUNG,Galaxy A8 Star ,Black,4.3,16989,37990,6.0,64.0,55.28,21001,2831.5,265.45,0,0
SAMSUNG,Galaxy S21 Plus ,Phantom Silver,4.4,75999,104999,8.0,256.0,27.62,29000,9499.88,296.87,1,0
SAMSUNG,Galaxy S21 ,Phantom White,4.3,73999,87999,8.0,256.0,15.91,14000,9249.88,289.06,1,0
SAMSUNG,Galaxy S10e ,Prism Black,4.5,59000,59000,6.0,128.0,0.0,0,9833.33,460.94,1,0
SAMSUNG,Galaxy Note 10 Plus ,Aura Glow,4.6,59999,85000,12.0,256.0,29.41,25001,4999.92,234.37,1,0
SAMSUNG,Galaxy S21 Ultra ,Phantom Black,4.3,116999,139999,16.0,512.0,16.43,23000,7312.44,228.51,1,0
SAMSUNG,Galaxy Note10 Lite ,Aura Black,4.3,39999,45000,8.0,128.0,11.11,5001,4999.88,312.49,1,0
SAMSUNG,Galaxy M32 ,Light Blue,4.4,16998,18439,6.0,128.0,7.81,1441,2833.0,132.8,0,0
SAMSUNG,Galaxy S10 Lite ,Prism White,4.5,40999,43999,8.0,128.0,6.82,3000,5124.88,320.3,1,0
SAMSUNG,Galaxy S3 Neo ,Pebble Blue,4.3,17000,17000,1.5,16.0,0.0,0,11333.33,1062.5,0,0
SAMSUNG,Galaxy A10s ,Green,4.3,11000,11000,3.0,32.0,0.0,0,3666.67,343.75,0,0
SAMSUNG,Galaxy C7 Pro ,Navy Blue,4.4,26600,26600,4.0,64.0,0.0,0,6650.0,415.62,0,0
SAMSUNG,Galaxy S7 Edge ,Black Onyx,4.4,41900,41900,4.0,32.0,0.0,0,10475.0,1309.38,1,0
SAMSUNG,Galaxy M30s ,Blue,4.3,14090,15500,4.0,64.0,9.1,1410,3522.5,220.16,0,0
SAMSUNG,Galaxy C7 Pro ,Gold,4.4,26600,26600,4.0,64.0,0.0,0,6650.0,415.62,0,0
SAMSUNG,Galaxy M30S ,Blue,4.3,13990,16590,4.0,128.0,15.67,2600,3497.5,109.3,0,0
SAMSUNG,Galaxy J2 - 2016 ,Gold,4.0,6990,6990,1.5,8.0,0.0,0,4660.0,873.75,0,1
SAMSUNG,Galaxy M21 ,Midnight Blue,4.2,15499,15499,6.0,128.0,0.0,0,2583.17,121.09,0,0
SAMSUNG,GT 1200 R/I/M,Black,4.1,1099,1099,0.0,0.001953125,0.0,0,inf,562688.0,0,1
SAMSUNG,Galaxy M20 ,Charcoal Black,4.3,11990,12250,4.0,64.0,2.12,260,2997.5,187.34,0,0
SAMSUNG,Galaxy M30 ,Blue,4.3,10399,11000,3.0,32.0,5.46,601,3466.33,324.97,0,0
SAMSUNG,Galaxy A72 ,Awesome White,4.3,37999,43999,8.0,256.0,13.64,6000,4749.88,148.43,1,0
SAMSUNG,Galaxy S20 FE ,Cloud Mint,4.0,49999,65999,8.0,128.0,24.24,16000,6249.88,390.62,1,0
SAMSUNG,Galaxy Folder 2 ,Wine Red,3.7,27330,27330,2.0,16.0,0.0,0,13665.0,1708.12,0,0
SAMSUNG,Galaxy A6 ,Gold,4.3,12499,22000,4.0,32.0,43.19,9501,3124.75,390.59,0,0
SAMSUNG,Galaxy A30s ,Prism Crush Violet,4.3,18900,18900,4.0,64.0,0.0,0,4725.0,295.31,0,0
SAMSUNG,Galaxy Note 10 Plus ,Aura Glow,4.6,95000,95000,12.0,512.0,0.0,0,7916.67,185.55,1,0
SAMSUNG,Galaxy Note 10 ,Aura Glow,4.5,73600,75000,8.0,256.0,1.87,1400,9200.0,287.5,1,0
SAMSUNG,SM-B310EZDDINS,Black,5.0,1949,1949,0.09765625,0.09765625,0.0,0,19957.76,19957.76,0,1
SAMSUNG,Galaxy S20 ,Cosmic Gray,4.3,52905,52905,8.0,128.0,0.0,0,6613.12,413.32,1,0
SAMSUNG,Galaxy S20 FE ,Cloud Lavender,4.0,49999,65999,8.0,128.0,24.24,16000,6249.88,390.62,1,0
SAMSUNG,Galaxy A72 ,Awesome White,4.3,34999,41999,8.0,128.0,16.67,7000,4374.88,273.43,1,0
SAMSUNG,Galaxy J5 - 6 New 2016 Edition) ,Gold,4.2,10990,10990,2.0,16.0,0.0,0,5495.0,686.88,0,0
SAMSUNG,Galaxy J5 - 6 New 2016 Edition) ,Black,4.2,10990,10990,2.0,16.0,0.0,0,5495.0,686.88,0,0
SAMSUNG,Galaxy J5 - 6 New 2016 Edition) ,White,4.2,10990,10990,2.0,16.0,0.0,0,5495.0,686.88,0,0
SAMSUNG,M31 Prime ,Ocean Blue,4.3,17194,17194,6.0,128.0,0.0,0,2865.67,134.33,0,0
SAMSUNG,Galaxy A50 ,Black,4.3,21000,21000,4.0,64.0,0.0,0,5250.0,328.12,0,0
SAMSUNG,Galaxy S20 FE ,Cloud Red,4.0,49999,65999,8.0,128.0,24.24,16000,6249.88,390.62,1,0
SAMSUNG,Galaxy M21 ,Raven Black,4.2,15499,15499,6.0,128.0,0.0,0,2583.17,121.09,0,0
SAMSUNG,Galaxy Grand 2 ,Black,4.1,9999,9999,1.5,8.0,0.0,0,6666.0,1249.88,0,1
SAMSUNG,Metro 313,Black,4.1,2200,2200,0.001953125,0.001953125,0.0,0,1126400.0,1126400.0,0,1
SAMSUNG,Galaxy S21 Plus ,Phantom Silver,4.4,71999,100999,8.0,128.0,28.71,29000,8999.88,562.49,1,0
SAMSUNG,Galaxy A10 ,Black,4.3,8700,8700,2.0,32.0,0.0,0,4350.0,271.88,0,1
SAMSUNG,Metro 360,Black,4.2,3499,3499,0.0625,0.09765625,0.0,0,55984.0,35829.76,0,1
SAMSUNG,Galaxy S10 ,Prism Blue,4.6,39999,71000,8.0,128.0,43.66,31001,4999.88,312.49,1,0
SAMSUNG,Galaxy S10 ,Prism Black,4.6,39999,71000,8.0,128.0,43.66,31001,4999.88,312.49,1,0
SAMSUNG,Z3 ,Black,3.4,5590,5590,1.0,8.0,0.0,0,5590.0,698.75,0,1
SAMSUNG,Galaxy J7 Prime ,Black,4.2,15300,15300,3.0,32.0,0.0,0,5100.0,478.12,0,0
SAMSUNG,Galaxy A80 ,Phantom Black,4.4,29899,29899,8.0,128.0,0.0,0,3737.38,233.59,0,0
SAMSUNG,Grand Prime 4G ,Gold,4.0,9833,9833,1.0,8.0,0.0,0,9833.0,1229.12,0,1
SAMSUNG,Galaxy M20 ,Ocean Blue,4.3,10990,11290,3.0,32.0,2.66,300,3663.33,343.44,0,0
SAMSUNG,Galaxy M21 ,Iceberg Blue,4.2,15990,15990,6.0,128.0,0.0,0,2665.0,124.92,0,0
SAMSUNG,Galaxy M30 ,Gradation Black,4.4,13589,16490,4.0,64.0,17.59,2901,3397.25,212.33,0,0
SAMSUNG,Galaxy S21 ,Phantom Gray,4.3,69999,83999,8.0,128.0,16.67,14000,8749.88,546.87,1,0
SAMSUNG,Galaxy A20s ,Black,4.3,11599,12900,3.0,32.0,10.09,1301,3866.33,362.47,0,0
SAMSUNG,M31 Prime ,IceBerg Blue,4.3,17259,17259,6.0,128.0,0.0,0,2876.5,134.84,0,0
SAMSUNG,Galaxy M30S ,Black,4.3,15499,17999,4.0,128.0,13.89,2500,3874.75,121.09,0,0
SAMSUNG,Galaxy Ace NXT ,Black,3.8,5795,5795,0.5,4.0,0.0,0,11590.0,1448.75,0,1
SAMSUNG,Galaxy M30 ,Black,4.3,10399,11000,3.0,32.0,5.46,601,3466.33,324.97,0,0
SAMSUNG,Galaxy Alpha ,Dazzling White,3.6,19999,19999,2.0,32.0,0.0,0,9999.5,624.97,0,0
SAMSUNG,Galaxy J1 ,White,4.0,7550,7550,1.0,8.0,0.0,0,7550.0,943.75,0,1
SAMSUNG,Galaxy Note10 Lite ,Aura Glow,4.3,37999,43000,6.0,128.0,11.63,5001,6333.17,296.87,1,0
SAMSUNG,Galaxy A7 ,Gold,4.4,22300,22300,4.0,64.0,0.0,0,5575.0,348.44,0,0
SAMSUNG,Galaxy A72 ,Awesome Black,4.3,37999,43999,8.0,256.0,13.64,6000,4749.88,148.43,1,0
SAMSUNG,Galaxy A20s ,Blue,4.3,13695,14900,4.0,64.0,8.09,1205,3423.75,213.98,0,0
SAMSUNG,Fold 2 5G ,Black,0.0,169999,169999,12.0,256.0,0.0,0,14166.58,664.06,1,0
SAMSUNG,Galaxy Note 5 ,Black Sapphire,3.9,30495,30495,4.0,32.0,0.0,0,7623.75,952.97,1,0
SAMSUNG,Galaxy S21 Ultra ,Phantom Silver,4.5,105999,128999,12.0,256.0,17.83,23000,8833.25,414.06,1,0
SAMSUNG,Galaxy M20 ,Charcoal Black,4.3,10848,11290,3.0,32.0,3.91,442,3616.0,339.0,0,0
SAMSUNG,Galaxy Core Prime ,Silver,4.1,5490,5490,1.0,8.0,0.0,0,5490.0,686.25,0,1
SAMSUNG,On5 Pro ,Gold,4.2,6480,7990,2.0,16.0,18.9,1510,3240.0,405.0,0,1
SAMSUNG,Galaxy M10 ,Charcoal Black,4.3,8170,8170,2.0,16.0,0.0,0,4085.0,510.62,0,1
SAMSUNG,Galaxy A5 ,Midnight Black,4.1,17990,17990,2.0,16.0,0.0,0,8995.0,1124.38,0,0
SAMSUNG,Galaxy A50s ,Prism Crush Violet,4.3,21099,26900,6.0,128.0,21.57,5801,3516.5,164.84,0,0
SAMSUNG,Galaxy A50 ,Black,4.4,24000,24000,6.0,64.0,0.0,0,4000.0,375.0,0,0
SAMSUNG,Galaxy M30s ,White,4.1,16999,16999,6.0,128.0,0.0,0,2833.17,132.8,0,0
SAMSUNG,Galaxy S20+ ,Cosmic Black,4.4,54999,83000,8.0,128.0,33.74,28001,6874.88,429.68,1,0
SAMSUNG,Galaxy Note 5 ,Silver Titanium,3.9,29990,29990,4.0,32.0,0.0,0,7497.5,937.19,0,0
SAMSUNG,Galaxy Note 5 ,Silver Titanium,3.9,49990,49990,4.0,64.0,0.0,0,12497.5,781.09,1,0
SAMSUNG,Galaxy A6 ,Black,4.3,12499,22990,4.0,32.0,45.63,10491,3124.75,390.59,0,0
SAMSUNG,Guru E1207T,Black,4.1,1560,1560,0.0,0.001953125,0.0,0,inf,798720.0,0,1
SAMSUNG,Galaxy Note 5 ,Gold Platinum,3.9,29990,29990,4.0,32.0,0.0,0,7497.5,937.19,0,0
SAMSUNG,Galaxy Core Prime ,Charcoal Grey,4.1,5490,9700,1.0,8.0,43.4,4210,5490.0,686.25,0,1
SAMSUNG,Galaxy Star ,Noble Black,3.8,4199,4199,0.5,4.0,0.0,0,8398.0,1049.75,0,1
SAMSUNG,Galaxy Grand Neo Plus ,White,4.0,5999,5999,1.0,8.0,0.0,0,5999.0,749.88,0,1
SAMSUNG,Galaxy A32 ,Awesome White,4.1,21999,24999,6.0,128.0,12.0,3000,3666.5,171.87,0,0
SAMSUNG,Galaxy A30s ,Prism Crush Black,4.3,18900,18900,4.0,64.0,0.0,0,4725.0,295.31,0,0
SAMSUNG,On5 Pro ,Black,4.2,6990,6990,2.0,16.0,0.0,0,3495.0,436.88,0,1
SAMSUNG,Galaxy M10S ,Metallic Blue,4.4,8990,10000,3.0,32.0,10.1,1010,2996.67,280.94,0,1
SAMSUNG,Galaxy Note Edge ,Frost White,3.3,30000,30000,3.0,32.0,0.0,0,10000.0,937.5,1,0
SAMSUNG,Galaxy S6 ,White Pearl,4.0,55900,55900,3.0,64.0,0.0,0,18633.33,873.44,1,0
SAMSUNG,Grand Prime ,White,4.0,7992,7992,1.0,8.0,0.0,0,7992.0,999.0,0,1
SAMSUNG,Galaxy S10 Plus ,Prism Black,4.6,79000,79000,8.0,128.0,0.0,0,9875.0,617.19,1,0
SAMSUNG,Galaxy S9 ,Midnight Black,4.4,65900,65900,4.0,256.0,0.0,0,16475.0,257.42,1,0
SAMSUNG,Galaxy S8 Plus ,Midnight Black,4.6,48669,48669,6.0,128.0,0.0,0,8111.5,380.23,1,0
SAMSUNG,Galaxy M30s ,Black,4.3,14069,15500,4.0,64.0,9.23,1431,3517.25,219.83,0,0
SAMSUNG,Galaxy A5 ,Black,4.1,14490,14490,2.0,16.0,0.0,0,7245.0,905.62,0,0
SAMSUNG,Rex 60,Black,3.3,3400,3400,0.029296875,16.0,0.0,0,116053.33,212.5,0,1
SAMSUNG,Galaxy A30s ,Prism Crush White,4.3,19900,19900,4.0,128.0,0.0,0,4975.0,155.47,0,0
SAMSUNG,Galaxy Grand Neo Plus ,Midnight Black,4.0,5999,5999,1.0,8.0,0.0,0,5999.0,749.88,0,1
SAMSUNG,Grand Prime 4G ,White,4.0,7999,7999,1.0,8.0,0.0,0,7999.0,999.88,0,1
SAMSUNG,Galaxy A71 ,Prism Crush Black,4.4,27499,34999,8.0,128.0,21.43,7500,3437.38,214.84,0,0
SAMSUNG,Galaxy S10 Lite ,Prism Blue,4.5,40999,43999,8.0,128.0,6.82,3000,5124.88,320.3,1,0
SAMSUNG,Galaxy Note 4 ,Frost White,4.1,27990,27990,3.0,32.0,0.0,0,9330.0,874.69,0,0
SAMSUNG,Galaxy Note 8 ,Maple Gold,4.6,35990,74000,6.0,64.0,51.36,38010,5998.33,562.34,1,0
SAMSUNG,Galaxy A8 Star ,White,4.3,18990,18990,6.0,64.0,0.0,0,3165.0,296.72,0,0
SAMSUNG,Galaxy Grand Neo Plus ,Gold,4.0,6999,6999,1.0,8.0,0.0,0,6999.0,874.88,0,1
SAMSUNG,Galaxy S6 Edge ,Gold Platinum,4.0,29999,29999,3.0,32.0,0.0,0,9999.67,937.47,0,0
SAMSUNG,Galaxy S7 ,Silver Titanium,4.4,23500,45500,4.0,32.0,48.35,22000,5875.0,734.38,0,0
SAMSUNG,Galaxy S7 ,Gold Platinum,4.4,22222,52000,4.0,32.0,57.27,29778,5555.5,694.44,0,0
SAMSUNG,Metro XL,Black,4.2,3285,3285,0.0625,0.125,0.0,0,52560.0,26280.0,0,1
SAMSUNG,Galaxy S3 Neo ,Marble White,4.3,13499,13500,1.5,16.0,0.01,1,8999.33,843.69,0,0
SAMSUNG,Galaxy A5 ,Champagne Gold,4.1,17990,17990,2.0,16.0,0.0,0,8995.0,1124.38,0,0
SAMSUNG,Galaxy E5 ,Brown,4.2,20400,20400,1.5,16.0,0.0,0,13600.0,1275.0,0,0
SAMSUNG,Galaxy J2 Pro ,Silver,4.2,8200,8200,2.0,16.0,0.0,0,4100.0,512.5,0,1
SAMSUNG,Galaxy Core ,Metallic Blue,4.0,7999,7999,1.0,8.0,0.0,0,7999.0,999.88,0,1
SAMSUNG,Galaxy A7-2017 ,Black Sky,3.8,25900,25900,3.0,32.0,0.0,0,8633.33,809.38,0,0
SAMSUNG,Z2 ,Gold,3.6,4790,4790,1.0,8.0,0.0,0,4790.0,598.75,0,1
SAMSUNG,Galaxy Note 4 ,Bronze Gold,4.1,51000,51000,3.0,32.0,0.0,0,17000.0,1593.75,1,0
SAMSUNG,Galaxy M30 ,Gradation Blue,4.3,15890,15990,6.0,128.0,0.63,100,2648.33,124.14,0,0
SAMSUNG,Galaxy S20 ,Cloud Blue,4.3,49980,49980,8.0,128.0,0.0,0,6247.5,390.47,1,0
SAMSUNG,Galaxy J2 Ace ,Black,4.1,8090,8090,1.5,8.0,0.0,0,5393.33,1011.25,0,1
SAMSUNG,Galaxy A8 Plus ,Black,4.2,16860,34000,6.0,64.0,50.41,17140,2810.0,263.44,0,0
SAMSUNG,Galaxy A9 Pro ,Gold,4.3,19980,19980,4.0,32.0,0.0,0,4995.0,624.38,0,0
SAMSUNG,Galaxy A52 ,Awesome White,4.3,27499,30499,6.0,128.0,9.84,3000,4583.17,214.84,0,0
SAMSUNG,Galaxy S6 ,Black Sapphire,4.0,33900,33900,3.0,32.0,0.0,0,11300.0,1059.38,1,0
SAMSUNG,Grand Prime ,Grey,4.0,10899,10899,1.0,8.0,0.0,0,10899.0,1362.38,0,0
SAMSUNG,Galaxy A52 ,Awesome White,4.4,28999,31999,8.0,128.0,9.38,3000,3624.88,226.55,0,0
SAMSUNG,Galaxy J1 Ace ,White,3.9,5110,5110,0.5,4.0,0.0,0,10220.0,1277.5,0,1
SAMSUNG,Galaxy M30 ,Gradation Black,4.3,15900,19590,6.0,128.0,18.84,3690,2650.0,124.22,0,0
SAMSUNG,Galaxy Star Pro ,White,3.8,4199,4199,0.5,4.0,0.0,0,8398.0,1049.75,0,1
SAMSUNG,Galaxy J2 Pro ,Gold,4.2,8200,8200,2.0,16.0,0.0,0,4100.0,512.5,0,1
SAMSUNG,Galaxy Trend ,Midnight Black,3.6,4999,4999,0.5,4.0,0.0,0,9998.0,1249.75,0,1
SAMSUNG,Sm-G361Hhadins ,Charcoal Gray,3.0,8999,8999,1.0,8.0,0.0,0,8999.0,1124.88,0,1
SAMSUNG,Galaxy M30s ,Blue,4.1,15990,15990,6.0,128.0,0.0,0,2665.0,124.92,0,0
SAMSUNG,Guru FM Plus,Black,0.0,4500,4500,0.00390625,0.00390625,0.0,0,1152000.0,1152000.0,0,1
SAMSUNG,Galaxy E5 ,White,4.2,8490,8490,1.5,16.0,0.0,0,5660.0,530.62,0,1
SAMSUNG,Galaxy Grand Quattro ,Ceramic White,4.0,6999,6999,1.0,8.0,0.0,0,6999.0,874.88,0,1
SAMSUNG,On7 Pro ,Black,4.1,6549,9490,2.0,16.0,30.99,2941,3274.5,409.31,0,1
SAMSUNG,Galaxy Grand I9082 ,Metallic Blue,4.0,8999,8999,1.0,8.0,0.0,0,8999.0,1124.88,0,1
SAMSUNG,Galaxy M30s ,Black,4.3,14990,14990,4.0,64.0,0.0,0,3747.5,234.22,0,0
SAMSUNG,Galaxy A7 ,Midnight Black,4.1,19990,19990,2.0,16.0,0.0,0,9995.0,1249.38,0,0
SAMSUNG,Galaxy S20 Ultra ,Cosmic Black,4.2,70490,70999,12.0,128.0,0.72,509,5874.17,550.7,1,0
SAMSUNG,Galaxy A7 ,Pearl White,4.1,19990,19990,2.0,16.0,0.0,0,9995.0,1249.38,0,0
SAMSUNG,Galaxy Ace NXT ,Ceramic White,3.8,5490,5490,0.5,4.0,0.0,0,10980.0,1372.5,0,1
SAMSUNG,Galaxy Mega 5.8 ,Black,3.8,26000,26000,1.5,8.0,0.0,0,17333.33,3250.0,0,0
SAMSUNG,Galaxy J1 ,White,4.0,6190,6190,0.5,4.0,0.0,0,12380.0,1547.5,0,1
SAMSUNG,Galaxy A3 ,Midnight Black,4.0,9999,9999,1.0,16.0,0.0,0,9999.0,624.94,0,1
SAMSUNG,Galaxy A50 ,Blue,4.3,21000,21000,4.0,64.0,0.0,0,5250.0,328.12,0,0
SAMSUNG,Galaxy Note 5 Dual ,Gold Platinum,4.1,39899,39899,4.0,32.0,0.0,0,9974.75,1246.84,1,0
SAMSUNG,Galaxy A7 ,Black,4.4,22300,22300,4.0,64.0,0.0,0,5575.0,348.44,0,0
SAMSUNG,Galaxy Note 4 ,Blossom Pink,4.1,49990,49990,3.0,32.0,0.0,0,16663.33,1562.19,1,0
SAMSUNG,GURU FM PLUS,Black,0.0,1662,1662,0.00390625,0.25,0.0,0,425472.0,6648.0,0,1
SAMSUNG,Galaxy M40 ,COCKTAIL ORANGE,4.1,15490,15490,6.0,128.0,0.0,0,2581.67,121.02,0,0
SAMSUNG,Galaxy E7 ,Blue,4.3,18340,18340,2.0,16.0,0.0,0,9170.0,1146.25,0,0
SAMSUNG,Tizen Z3 ,Silver,3.3,4999,8999,1.0,8.0,44.45,4000,4999.0,624.88,0,1
SAMSUNG,Galaxy A5 ,Pearl White,4.1,17990,17990,2.0,16.0,0.0,0,8995.0,1124.38,0,0
SAMSUNG,Galaxy Grand Quattro ,Titan Gray,4.0,5999,5999,1.0,8.0,0.0,0,5999.0,749.88,0,1
SAMSUNG,Galaxy Note 8 ,Midnight Black,4.6,34899,74000,6.0,64.0,52.84,39101,5816.5,545.3,1,0
SAMSUNG,Galaxy E5 ,Black,4.2,9890,9890,1.5,16.0,0.0,0,6593.33,618.12,0,1
SAMSUNG,Galaxy Core 2 ,White,3.9,5940,5940,0.75,4.0,0.0,0,7920.0,1485.0,0,1
SAMSUNG,Galaxy Grand 2 ,White,4.1,10990,10990,1.5,8.0,0.0,0,7326.67,1373.75,0,0
SAMSUNG,Galaxy S7 Edge ,Gold Platinum,4.4,41900,41900,4.0,32.0,0.0,0,10475.0,1309.38,1,0
SAMSUNG,Galaxy Core Prime ,Silver,4.1,6995,6995,1.0,8.0,0.0,0,6995.0,874.38,0,1
SAMSUNG,Galaxy Trend ,Ceramic White,3.6,4999,4999,0.5,4.0,0.0,0,9998.0,1249.75,0,1
SAMSUNG,Galaxy Star Pro ,Midnight Black,3.8,4299,4299,0.5,4.0,0.0,0,8598.0,1074.75,0,1
SAMSUNG,M31 Prime ,Ocean Blue,4.3,16000,16000,6.0,64.0,0.0,0,2666.67,250.0,0,0
SAMSUNG,Galaxy S6 Edge ,Black,4.0,39999,39999,3.0,64.0,0.0,0,13333.0,624.98,1,0
SAMSUNG,Galaxy Star Advance ,Black,3.8,3500,3500,0.5,4.0,0.0,0,7000.0,875.0,0,1
SAMSUNG,Galaxy Trend ,Wine Red,3.6,6999,8740,0.5,4.0,19.92,1741,13998.0,1749.75,0,1
SAMSUNG,Galaxy S3 Neo ,Black,4.3,13499,13499,1.5,16.0,0.0,0,8999.33,843.69,0,0
SAMSUNG,Galaxy E7 ,White,4.3,12999,12999,2.0,16.0,0.0,0,6499.5,812.44,0,0
SAMSUNG,Galaxy Pocket Neo ,Metallic Silver,3.9,5000,5000,0.5,4.0,0.0,0,10000.0,1250.0,0,1
SAMSUNG,Galaxy S Duos 2 ,Pure White,4.0,5999,5999,0.5,4.0,0.0,0,11998.0,1499.75,0,1
SAMSUNG,Galaxy S4 Zoom ,White,3.8,19999,19999,1.5,8.0,0.0,0,13332.67,2499.88,0,0
SAMSUNG,Galaxy Core 2 ,Black,3.9,5920,5920,0.75,4.0,0.0,0,7893.33,1480.0,0,1
SAMSUNG,Galaxy S Duos 2 ,Black,4.0,5999,5999,0.5,4.0,0.0,0,11998.0,1499.75,0,1
SAMSUNG,Galaxy Note 3 Neo ,White,4.2,11250,11250,2.0,16.0,0.0,0,5625.0,703.12,0,0
SAMSUNG,Galaxy S7 ,Black Onyx,4.4,24999,24999,4.0,32.0,0.0,0,6249.75,781.22,0,0
SAMSUNG,Tizen Z3 ,Black,3.3,4999,4999,1.0,8.0,0.0,0,4999.0,624.88,0,1
SAMSUNG,Galaxy Grand Prime 4g ,Grey,3.9,8250,8250,1.0,8.0,0.0,0,8250.0,1031.25,0,1
SAMSUNG,Galaxy S6 ,Gold Platinum,4.0,33900,33900,3.0,32.0,0.0,0,11300.0,1059.38,1,0
SAMSUNG,S7 Edge ,Black Pearl,4.3,36900,36900,4.0,128.0,0.0,0,9225.0,288.28,1,0
SAMSUNG,Galaxy S6 Edge+ ,Silver Titanium,4.2,34999,34999,4.0,32.0,0.0,0,8749.75,1093.72,1,0
SAMSUNG,Galaxy S6 Edge+ ,Gold Platinum,4.2,28000,61988,4.0,32.0,54.83,33988,7000.0,875.0,0,0
SAMSUNG,Galaxy S7 Edge ,Pink Gold,4.4,36900,36900,4.0,32.0,0.0,0,9225.0,1153.12,1,0
Lenovo,A6600d40 ,Black,4.0,7999,7999,2.0,16.0,0.0,0,3999.5,499.94,0,1
Lenovo,K8 Plus ,Fine Gold,4.2,10999,10999,3.0,32.0,0.0,0,3666.33,343.72,0,0
Lenovo,K3 Note ,Yellow,4.0,7999,7999,2.0,16.0,0.0,0,3999.5,499.94,0,1
Lenovo,S930 ,Silver,4.3,13604,13604,1.0,8.0,0.0,0,13604.0,1700.5,0,0
Lenovo,K8 Plus ,Venom Black,4.2,10999,10999,3.0,32.0,0.0,0,3666.33,343.72,0,0
Lenovo,K3 Note ,Black,4.0,9900,9900,2.0,16.0,0.0,0,4950.0,618.75,0,1
Lenovo,A269i ,Black,3.7,5499,5499,0.5,0.5,0.0,0,10998.0,10998.0,0,1
Lenovo,A7 ,Black,4.0,7490,8490,2.0,32.0,11.78,1000,3745.0,234.06,0,1
Lenovo,A7 ,Blue,4.0,6950,8490,2.0,32.0,18.14,1540,3475.0,217.19,0,1
Lenovo,A5 ,Gold,4.1,7999,7999,3.0,32.0,0.0,0,2666.33,249.97,0,1
Lenovo,A5 ,Black,4.1,6999,6999,2.0,16.0,0.0,0,3499.5,437.44,0,1
Lenovo,A2010 ,White,3.9,4990,4990,1.0,8.0,0.0,0,4990.0,623.75,0,1
Lenovo,Vibe Shot ,Grey,3.7,9799,9799,3.0,32.0,0.0,0,3266.33,306.22,0,1
Lenovo,A7700 ,Black,3.9,6499,6499,2.0,16.0,0.0,0,3249.5,406.19,0,1
Lenovo,K8 Note ,Fine Gold,4.1,7490,7490,3.0,32.0,0.0,0,2496.67,234.06,0,1
Lenovo,K9 ,Black,4.2,9999,9999,3.0,32.0,0.0,0,3333.0,312.47,0,1
Lenovo,K3 Note ,White,4.0,7000,7000,2.0,16.0,0.0,0,3500.0,437.5,0,1
Lenovo,VIBE P1m ,White,4.1,6999,6999,2.0,16.0,0.0,0,3499.5,437.44,0,1
Lenovo,VIBE P1m ,Black,4.1,6999,6999,2.0,16.0,0.0,0,3499.5,437.44,0,1
Lenovo,K8 Note ,Fine Gold,4.1,8499,8499,4.0,64.0,0.0,0,2124.75,132.8,0,1
Lenovo,K8 Note ,Venom Black,4.1,12999,12999,4.0,64.0,0.0,0,3249.75,203.11,0,0
Lenovo,Z2 Plus ,Black,3.8,19999,19999,4.0,64.0,0.0,0,4999.75,312.48,0,0
Lenovo,A7 ,Black,3.9,8490,9999,4.0,64.0,15.09,1509,2122.5,132.66,0,1
Lenovo,A7 ,Blue,3.9,7990,9999,4.0,64.0,20.09,2009,1997.5,124.84,0,1
Lenovo,A7 ,Blue,3.9,7990,9999,4.0,64.0,20.09,2009,1997.5,124.84,0,1
Lenovo,Vibe K5 Note ,Grey,4.1,10999,10999,3.0,32.0,0.0,0,3666.33,343.72,0,0
Lenovo,Vibe K5 Note ,Grey,4.1,12499,12499,4.0,32.0,0.0,0,3124.75,390.59,0,0
Lenovo,A2010 ,Black,3.9,5490,5490,1.0,8.0,0.0,0,5490.0,686.25,0,1
Lenovo,B ,Black,3.8,4890,4890,1.0,8.0,0.0,0,4890.0,611.25,0,1
Lenovo,K8 Note ,Venom Black,4.1,7819,7819,3.0,32.0,0.0,0,2606.33,244.34,0,1
Lenovo,Vibe K5 Note ,Gold,4.1,13499,13499,4.0,64.0,0.0,0,3374.75,210.92,0,0
Lenovo,S850 ,White,4.0,18499,18499,1.0,16.0,0.0,0,18499.0,1156.19,0,0
Lenovo,A6600 ,Black,3.8,5499,5499,1.0,16.0,0.0,0,5499.0,343.69,0,1
Lenovo,A5000 ,White,4.0,9999,9999,1.0,8.0,0.0,0,9999.0,1249.88,0,1
Lenovo,A6600 Plus ,White,3.9,6266,6266,2.0,16.0,0.0,0,3133.0,391.62,0,1
Lenovo,A536 ,Black,3.8,7700,7700,1.0,8.0,0.0,0,7700.0,962.5,0,1
Lenovo,A7000 ,White,4.0,8999,8999,2.0,8.0,0.0,0,4499.5,1124.88,0,1
Lenovo,K10 Note ,Black,4.1,16999,16999,4.0,64.0,0.0,0,4249.75,265.61,0,0
Lenovo,A7000 ,Black,4.0,5499,5499,2.0,8.0,0.0,0,2749.5,687.38,0,1
Lenovo,A7000 Turbo ,Black,3.8,5999,5999,2.0,16.0,0.0,0,2999.5,374.94,0,1
Lenovo,Vibe K5 Plus ,Silver,4.0,8499,8499,2.0,16.0,0.0,0,4249.5,531.19,0,1
Lenovo,Vibe K5 Plus ,Dark Grey,4.0,8499,8499,2.0,16.0,0.0,0,4249.5,531.19,0,1
Lenovo,Vibe K5 Plus ,Dark Grey,4.0,7999,7999,3.0,16.0,0.0,0,2666.33,499.94,0,1
Lenovo,Vibe K5 Plus ,Silver,4.0,8499,8499,3.0,16.0,0.0,0,2833.0,531.19,0,1
Lenovo,Vibe K5 Plus ,Gold,4.0,7999,7999,3.0,16.0,0.0,0,2666.33,499.94,0,1
Lenovo,S850 ,Dark Blue,4.0,15999,15999,1.0,16.0,0.0,0,15999.0,999.94,0,0
Lenovo,K6 Note ,Grey,4.0,9150,9150,4.0,32.0,0.0,0,2287.5,285.94,0,1
Lenovo,K6 Power ,Grey,4.0,8999,8999,4.0,32.0,0.0,0,2249.75,281.22,0,1
Lenovo,Vibe K5 Note ,Silver,4.1,10999,10999,3.0,32.0,0.0,0,3666.33,343.72,0,0
Lenovo,X2-AP ,Gold,3.7,17499,17499,2.0,32.0,0.0,0,8749.5,546.84,0,0
Lenovo,A2010 ,Grey,3.9,5499,5499,1.0,8.0,0.0,0,5499.0,687.38,0,1
Lenovo,Vibe K5 Note ,Gold,4.1,10999,10999,3.0,32.0,0.0,0,3666.33,343.72,0,0
Lenovo,K6 Power ,dark gold,4.1,7499,7499,3.0,32.0,0.0,0,2499.67,234.34,0,1
Lenovo,K6 Note ,Gold,4.0,7490,7490,4.0,32.0,0.0,0,1872.5,234.06,0,1
Lenovo,K6 Note ,Silver,4.1,7490,14890,3.0,32.0,49.7,7400,2496.67,234.06,0,1
Lenovo,K6 Note ,Gold,4.1,6250,6250,3.0,32.0,0.0,0,2083.33,195.31,0,1
Lenovo,Z2 Plus ,White,3.8,19999,19999,4.0,64.0,0.0,0,4999.75,312.48,0,0
Lenovo,A536 ,White,3.8,9999,9999,1.0,8.0,0.0,0,9999.0,1249.88,0,1
Lenovo,K10 Plus ,Black,4.1,13999,13999,4.0,64.0,0.0,0,3499.75,218.73,0,0
Lenovo,P770 ,Grey,4.3,12899,12899,1.0,4.0,0.0,0,12899.0,3224.75,0,0
Lenovo,VIBE P1 ,Grey,4.1,15999,15999,2.0,32.0,0.0,0,7999.5,499.97,0,0
Lenovo,K4 Note ,Black/Tuxedo Black,3.9,7999,7999,3.0,16.0,0.0,0,2666.33,499.94,0,1
Lenovo,A2010 ,Black,3.9,4599,4599,1.0,8.0,0.0,0,4599.0,574.88,0,1
Lenovo,S660 ,Gold,4.0,14999,14999,1.0,8.0,0.0,0,14999.0,1874.88,0,0
Lenovo,Vibe Z2 Pro ,Starry Night Black,4.0,29999,29999,3.0,32.0,0.0,0,9999.67,937.47,0,0
Lenovo,A5 ,Gold,4.1,6999,6999,2.0,16.0,0.0,0,3499.5,437.44,0,1
Lenovo,A5 ,Black,4.1,7999,7999,3.0,32.0,0.0,0,2666.33,249.97,0,1
Lenovo,K9 Note ,Gold,4.1,11999,11999,4.0,64.0,0.0,0,2999.75,187.48,0,0
Lenovo,K9 ,Blue,4.2,9999,9999,3.0,32.0,0.0,0,3333.0,312.47,0,1
Lenovo,P780 ,Deep Black,4.1,15410,15410,1.0,4.0,0.0,0,15410.0,3852.5,0,0
Lenovo,A850 ,White,4.1,15999,15999,1.0,4.0,0.0,0,15999.0,3999.75,0,0
Lenovo,A390 ,White,3.7,7580,7580,0.5,4.0,0.0,0,15160.0,1895.0,0,1
Lenovo,K10 Plus ,Sprite,4.1,13999,13999,4.0,64.0,0.0,0,3499.75,218.73,0,0
Lenovo,K8 Plus ,Fine Gold,4.1,11999,11999,4.0,32.0,0.0,0,2999.75,374.97,0,0
Lenovo,Vibe K5 Note ,Silver,4.1,12499,12499,4.0,32.0,0.0,0,3124.75,390.59,0,0
Lenovo,P2 ,Gold,4.3,17999,17999,4.0,32.0,0.0,0,4499.75,562.47,0,0
Lenovo,P2 ,Grey,4.3,17999,17999,4.0,32.0,0.0,0,4499.75,562.47,0,0
Lenovo,A328 ,Black,3.8,7499,7499,1.0,4.0,0.0,0,7499.0,1874.75,0,1
Lenovo,K10 Note ,Black,4.1,18999,18999,6.0,128.0,0.0,0,3166.5,148.43,0,0
Lenovo,K8 Plus ,Venom Black,4.1,11999,11999,4.0,32.0,0.0,0,2999.75,374.97,0,0
Lenovo,A6 Note ,Black,4.2,9999,9999,3.0,32.0,0.0,0,3333.0,312.47,0,1
Lenovo,P2 ,Grey,4.3,16999,16999,3.0,32.0,0.0,0,5666.33,531.22,0,0
Lenovo,P2 ,Gold,4.3,16999,16999,3.0,32.0,0.0,0,5666.33,531.22,0,0
Lenovo,A6 Note ,Blue,4.2,9999,9999,3.0,32.0,0.0,0,3333.0,312.47,0,1
Lenovo,Vibe P1 Turbo ,Silver,3.7,7650,7650,3.0,32.0,0.0,0,2550.0,239.06,0,1
Lenovo,A1000 ,Black,3.8,3549,3549,1.0,8.0,0.0,0,3549.0,443.62,0,1
Lenovo,Z2 Plus ,White,3.9,17999,17999,3.0,32.0,0.0,0,5999.67,562.47,0,0
Lenovo,K8 ,Venom Black,4.1,7490,11499,3.0,32.0,34.86,4009,2496.67,234.06,0,1
Lenovo,K8 ,Fine Gold,4.1,6990,6990,3.0,32.0,0.0,0,2330.0,218.44,0,1
Lenovo,Z2 Plus ,Black,3.9,8250,8250,3.0,32.0,0.0,0,2750.0,257.81,0,1
Lenovo,A6000 Plus ,Red,4.1,7499,7499,2.0,16.0,0.0,0,3749.5,468.69,0,1
Lenovo,A6000 Plus ,Black,4.1,7499,7499,2.0,16.0,0.0,0,3749.5,468.69,0,1
Lenovo,A6000 Plus ,White,4.1,7499,7499,2.0,16.0,0.0,0,3749.5,468.69,0,1
Lenovo,A5000 ,Black,4.0,6499,6499,1.0,8.0,0.0,0,6499.0,812.38,0,1
Lenovo,S560 ,Deep Black,4.1,19999,19999,1.0,8.0,0.0,0,19999.0,2499.88,0,0
Lenovo,K9 Note ,Black,4.1,11999,11999,4.0,64.0,0.0,0,2999.75,187.48,0,0
Lenovo,K9 Note ,Black,4.1,11999,11999,4.0,64.0,0.0,0,2999.75,187.48,0,0
Lenovo,K6 Note ,Silver,4.0,7599,7599,4.0,32.0,0.0,0,1899.75,237.47,0,1
Lenovo,A7000 Turbo ,White,3.8,8999,8999,2.0,16.0,0.0,0,4499.5,562.44,0,1
Lenovo,Vibe P1 Turbo ,Grey,3.7,9229,9229,3.0,32.0,0.0,0,3076.33,288.41,0,1
Lenovo,B ,White,3.8,6799,6799,1.0,8.0,0.0,0,6799.0,849.88,0,1
Lenovo,K6 Note ,Grey,4.1,6999,6999,3.0,32.0,0.0,0,2333.0,218.72,0,1
Lenovo,Sisley S60 ,Grey,3.5,6980,6980,2.0,8.0,0.0,0,3490.0,872.5,0,1
Lenovo,Sisley S60 ,White,3.5,13999,13999,2.0,8.0,0.0,0,6999.5,1749.88,0,0
Lenovo,K4 Note ,White,3.9,7999,7999,3.0,16.0,0.0,0,2666.33,499.94,0,1
Lenovo,A7700 ,White,3.9,6750,6750,2.0,16.0,0.0,0,3375.0,421.88,0,1
Lenovo,A6600 ,White,3.8,4499,7499,1.0,16.0,40.01,3000,4499.0,281.19,0,1
Lenovo,P70 ,Blue,3.5,6989,6989,2.0,16.0,0.0,0,3494.5,436.81,0,1
Lenovo,A319 ,Black,3.6,4200,4200,0.5,4.0,0.0,0,8400.0,1050.0,0,1
Lenovo,A1000 ,White,3.8,3549,3549,1.0,8.0,0.0,0,3549.0,443.62,0,1
Lenovo,Vibe Shot ,Red,3.7,18999,18999,3.0,32.0,0.0,0,6333.0,593.72,0,0
Lenovo,S90 Or Sisley S90 ,Grey,3.6,12999,12999,2.0,32.0,0.0,0,6499.5,406.22,0,0
Lenovo,A6000 Shot ,Black,3.7,6200,9991,2.0,16.0,37.94,3791,3100.0,387.5,0,1
Lenovo,Vibe S1 ,Dark Blue,0.0,13490,13490,3.0,32.0,0.0,0,4496.67,421.56,0,0
Lenovo,K6 POWER ,GREY/BLACK,4.0,7999,7999,4.0,32.0,0.0,0,1999.75,249.97,0,1
Lenovo,K3 Note Music ,Yellow,3.7,9795,9795,2.0,16.0,0.0,0,4897.5,612.19,0,1
Lenovo,A6000 Shot ,White,3.7,7990,7990,2.0,16.0,0.0,0,3995.0,499.38,0,1
Lenovo,X2-AP ,White,3.7,9999,9999,2.0,32.0,0.0,0,4999.5,312.47,0,1
Lenovo,ZUK Z1 ,Space Grey,3.4,7499,13499,3.0,64.0,44.45,6000,2499.67,117.17,0,1
Motorola,E7 Power ,Tahiti Blue,4.1,8799,11999,4.0,64.0,26.67,3200,2199.75,137.48,0,1
Motorola,Edge 20 Fusion ,Cyber Teal,0.0,22999,25999,8.0,128.0,11.54,3000,2874.88,179.68,0,0
Motorola,G10 Power ,Aurora Grey,4.1,10499,12999,4.0,64.0,19.23,2500,2624.75,164.05,0,0
Motorola,G60 ,Frosted Champagne,4.2,17999,21999,6.0,128.0,18.18,4000,2999.83,140.62,0,0
Motorola,G40 Fusion ,Dynamic Gray,4.3,16499,19999,6.0,128.0,17.5,3500,2749.83,128.9,0,0
Motorola,E7 Power ,Coral Red,4.1,8799,11999,4.0,64.0,26.67,3200,2199.75,137.48,0,1
Motorola,G40 Fusion ,Dynamic Gray,4.3,14499,16999,4.0,64.0,14.71,2500,3624.75,226.55,0,0
Motorola,Edge 20 Fusion ,Electric Graphite,0.0,22999,25999,8.0,128.0,11.54,3000,2874.88,179.68,0,0
Motorola,G60 ,Dynamic Gray,4.2,17999,21999,6.0,128.0,18.18,4000,2999.83,140.62,0,0
Motorola,G40 Fusion ,Frosted Champagne,4.3,16499,19999,6.0,128.0,17.5,3500,2749.83,128.9,0,0
Motorola,G40 Fusion ,Frosted Champagne,4.3,14499,16999,4.0,64.0,14.71,2500,3624.75,226.55,0,0
Motorola,G10 Power ,Breeze Blue,4.1,10499,12999,4.0,64.0,19.23,2500,2624.75,164.05,0,0
Motorola,2nd Generation ,Black,4.2,8999,8999,1.0,16.0,0.0,0,8999.0,562.44,0,1
Motorola,Edge 20 ,Frosted Emerald,4.4,29999,34999,8.0,128.0,14.29,5000,3749.88,234.37,0,0
Motorola,G8 Power Lite ,Royal Blue,4.3,9999,9999,4.0,64.0,0.0,0,2499.75,156.23,0,1
Motorola,Edge 20 Fusion ,Cyber Teal,3.9,21499,24999,6.0,128.0,14.0,3500,3583.17,167.96,0,0
Motorola,X4,Super Black,4.3,21999,21999,3.0,32.0,0.0,0,7333.0,687.47,0,0
Motorola,Edge 20 Fusion ,Electric Graphite,3.9,21499,24999,6.0,128.0,14.0,3500,3583.17,167.96,0,0
Motorola,Razr 5G ,Polished Graphite,4.0,89999,149999,8.0,256.0,40.0,60000,11249.88,351.56,1,0
Motorola,E5,Grey,4.3,12000,12000,2.0,16.0,0.0,0,6000.0,750.0,0,0
Motorola,Razr ,Black,3.8,74999,149999,6.0,128.0,50.0,75000,12499.83,585.93,1,0
Motorola,X Play,White,4.2,17499,17499,2.0,16.0,0.0,0,8749.5,1093.69,0,0
Motorola,Edge 20 ,Frosted Pearl,4.4,29999,34999,8.0,128.0,14.29,5000,3749.88,234.37,0,0
Motorola,C Plus,Pearl White,4.2,6900,6900,2.0,16.0,0.0,0,3450.0,431.25,0,1
Motorola,G6,Indigo Black,4.2,20000,20000,4.0,64.0,0.0,0,5000.0,312.5,0,0
Motorola,M,Gold,3.9,12999,12999,4.0,64.0,0.0,0,3249.75,203.11,0,0
Motorola,One Vision ,Sapphire Gradient,4.2,14999,22999,4.0,128.0,34.78,8000,3749.75,117.18,0,0
Motorola,G30 ,Dark Pearl,4.1,10999,14999,4.0,64.0,26.67,4000,2749.75,171.86,0,0
Motorola,G5,Volcanic Grey,4.2,20999,24999,6.0,128.0,16.0,4000,3499.83,164.05,0,0
Motorola,G9 Power ,Electric Violet,4.1,11999,15999,4.0,64.0,25.0,4000,2999.75,187.48,0,0
Motorola,E7 Power ,Tahiti Blue,4.1,6999,9999,2.0,32.0,30.0,3000,3499.5,218.72,0,1
Motorola,G 2nd Generation ,White,4.2,8999,8999,1.0,16.0,0.0,0,8999.0,562.44,0,1
Motorola,G30 ,Pastel Sky,4.1,10999,14999,4.0,64.0,26.67,4000,2749.75,171.86,0,0
Motorola,One Fusion+ ,Moonlight White,4.4,17499,19999,6.0,128.0,12.5,2500,2916.5,136.71,0,0
Motorola,E5,Fine Gold,4.3,10999,10999,2.0,16.0,0.0,0,5499.5,687.44,0,0
Motorola,G9 ,Sapphire Blue,4.2,10999,14999,4.0,64.0,26.67,4000,2749.75,171.86,0,0
Motorola,E7 Plus ,Misty Blue,4.2,8999,12999,4.0,64.0,30.77,4000,2249.75,140.61,0,1
Motorola,One Fusion+ ,Twilight Blue,4.4,17499,19999,6.0,128.0,12.5,2500,2916.5,136.71,0,0
Motorola,G5,Frosted Silver,4.2,20999,24999,6.0,128.0,16.0,4000,3499.83,164.05,0,0
Motorola,One Action ,Denim Blue,4.2,10999,16999,4.0,128.0,35.3,6000,2749.75,85.93,0,0
Motorola,E 2nd Gen 3G ,White,4.1,5999,5999,1.0,8.0,0.0,0,5999.0,749.88,0,1
Motorola,G8 Power Lite ,Arctic Blue,4.3,9999,9999,4.0,64.0,0.0,0,2499.75,156.23,0,1
Motorola,E6s,Polished Graphite,4.1,7999,9999,4.0,64.0,20.0,2000,1999.75,124.98,0,1
Motorola,C,Pearl White,3.9,5499,5499,1.0,16.0,0.0,0,5499.0,343.69,0,1
Motorola,E5 Plus,Black,4.2,11999,11999,3.0,32.0,0.0,0,3999.67,374.97,0,0
Motorola,E5 Plus,Fine Gold,4.2,11999,11999,3.0,32.0,0.0,0,3999.67,374.97,0,0
Motorola,G9 ,Forest Green,4.2,10999,14999,4.0,64.0,26.67,4000,2749.75,171.86,0,0
Motorola,Edge+ ,Smoky Sangria,4.1,64999,89999,12.0,256.0,27.78,25000,5416.58,253.9,1,0
Motorola,Razr ,Gold,3.8,74999,149999,6.0,128.0,50.0,75000,12499.83,585.93,1,0
Motorola,G 3rd Generation ,White,4.2,11999,11999,1.0,8.0,0.0,0,11999.0,1499.88,0,0
Motorola,One Macro ,Ultra Violet,4.3,9499,11999,4.0,64.0,20.84,2500,2374.75,148.42,0,1
Motorola,G5s,Lunar Gray,4.1,7350,7350,4.0,32.0,0.0,0,1837.5,229.69,0,1
Motorola,X 2nd Generation ,Black,4.2,14500,14500,2.0,16.0,0.0,0,7250.0,906.25,0,0
Motorola,G7,Black,4.3,9999,18999,4.0,64.0,47.37,9000,2499.75,156.23,0,1
Motorola,G7,White,4.3,9999,18999,4.0,64.0,47.37,9000,2499.75,156.23,0,1
Motorola,X4,Sterling Blue,4.3,24999,24999,6.0,64.0,0.0,0,4166.5,390.61,0,0
Motorola,E6s,Rich Cranberry,4.1,7999,9999,4.0,64.0,20.0,2000,1999.75,124.98,0,1
Motorola,One Macro ,Space Blue,4.3,9999,11999,4.0,64.0,16.67,2000,2499.75,156.23,0,1
Motorola,G5s,Oxford Blue,4.1,9869,9869,4.0,32.0,0.0,0,2467.25,308.41,0,1
Motorola,One,Black,4.1,14999,14999,4.0,64.0,0.0,0,3749.75,234.36,0,0
Motorola,Z2 Play,Fine Gold,4.4,27999,27999,4.0,64.0,0.0,0,6999.75,437.48,0,0
Motorola,Z2 Play,Lunar Gray,4.4,27999,27999,4.0,64.0,0.0,0,6999.75,437.48,0,0
Motorola,One Power ,Black,4.3,18999,18999,4.0,64.0,0.0,0,4749.75,296.86,0,0
Motorola,One,White,4.1,14999,14999,4.0,64.0,0.0,0,3749.75,234.36,0,0
Motorola,Quench X T3,Black,2.4,14939,14939,0.5,16.0,0.0,0,29878.0,933.69,0,0
Motorola,X4,Sterling Blue,4.3,23999,23999,4.0,64.0,0.0,0,5999.75,374.98,0,0
Motorola,G8 Plus,Cosmic Blue,4.3,12999,15999,4.0,64.0,18.75,3000,3249.75,203.11,0,0
Motorola,G,Black,4.4,9999,9999,1.0,16.0,0.0,0,9999.0,624.94,0,1
Motorola,One Vision ,Bronze Gradient,4.2,14999,22999,4.0,128.0,34.78,8000,3749.75,117.18,0,0
Motorola,One Vision ,Bronze Gradient,4.2,14999,22999,4.0,128.0,34.78,8000,3749.75,117.18,0,0
Motorola,G6 Play,Fine Gold,4.1,12999,12999,3.0,32.0,0.0,0,4333.0,406.22,0,0
Motorola,XT502,Black,3.8,15990,15990,0.5,16.0,0.0,0,31980.0,999.38,0,0
Motorola,G6 Plus ,Indigo Black,4.3,11829,11829,6.0,64.0,0.0,0,1971.5,184.83,0,0
Motorola,G4 Plus,White,4.0,5999,5999,2.0,16.0,0.0,0,2999.5,374.94,0,1
Motorola,G7 Power,Ceramic Black,4.3,15999,15999,4.0,64.0,0.0,0,3999.75,249.98,0,0
Motorola,G4,White,3.9,6999,6999,2.0,16.0,0.0,0,3499.5,437.44,0,1
Motorola,E7 Power ,Coral Red,4.1,6999,9999,2.0,32.0,30.0,3000,3499.5,218.72,0,1
Motorola,Z Play,Black,4.4,24999,24999,3.0,32.0,0.0,0,8333.0,781.22,0,0
Motorola,Z Play,White,4.4,24999,24999,3.0,32.0,0.0,0,8333.0,781.22,0,0
Motorola,G8 Plus,Crystal Pink,4.3,12999,15999,4.0,64.0,18.75,3000,3249.75,203.11,0,0
Motorola,G 3rd Generation ,Black,4.2,9999,9999,1.0,8.0,0.0,0,9999.0,1249.88,0,1
Motorola,E7 Plus ,Twilight Orange,4.2,8999,12999,4.0,64.0,30.77,4000,2249.75,140.61,0,1
Motorola,E6s,Caribbean Blue,4.1,7999,9999,4.0,64.0,20.0,2000,1999.75,124.98,0,1
Motorola,G9 Power ,Metallic Sage,4.1,11999,15999,4.0,64.0,25.0,4000,2999.75,187.48,0,0
Motorola,C Plus,Starry Black,4.2,6999,6999,2.0,16.0,0.0,0,3499.5,437.44,0,1
Motorola,C Plus,Fine Gold,4.2,6999,6999,2.0,16.0,0.0,0,3499.5,437.44,0,1
Motorola,G5,Lunar Grey,4.2,5450,5450,3.0,16.0,0.0,0,1816.67,340.62,0,1
Motorola,G5 Plus,Lunar Grey,3.7,10999,10999,3.0,32.0,0.0,0,3666.33,343.72,0,0
Motorola,X 2nd Generation ,Black,4.2,24999,24999,2.0,32.0,0.0,0,12499.5,781.22,0,0
Motorola,X 2nd Generation ,Black Leather,4.2,23999,23999,2.0,16.0,0.0,0,11999.5,1499.94,0,0
Motorola,X4,Super Black,4.3,24999,24999,6.0,64.0,0.0,0,4166.5,390.61,0,0
Motorola,Z2 Force,Super Black,4.1,14999,44999,6.0,64.0,66.67,30000,2499.83,234.36,0,0
Motorola,G6,Indigo Black,4.2,13999,13999,3.0,32.0,0.0,0,4666.33,437.47,0,0
Motorola,G5s,Fine Gold,4.1,8390,14999,4.0,32.0,44.06,6609,2097.5,262.19,0,1
Motorola,G6 Play,Indigo Black,4.1,12999,12999,3.0,32.0,0.0,0,4333.0,406.22,0,0
Motorola,X4,Super Black,4.3,23999,23999,4.0,64.0,0.0,0,5999.75,374.98,0,0
Motorola,G4,Black,3.9,6399,6399,2.0,16.0,0.0,0,3199.5,399.94,0,1
Motorola,M,Grey,3.9,14999,14999,3.0,32.0,0.0,0,4999.67,468.72,0,0
Motorola,M,Silver,3.9,14999,14999,3.0,32.0,0.0,0,4999.67,468.72,0,0
Motorola,M,Gold,3.9,14999,14999,3.0,32.0,0.0,0,4999.67,468.72,0,0
Motorola,G4 Plus,White,4.0,6999,6999,3.0,32.0,0.0,0,2333.0,218.72,0,1
Motorola,M,Grey,3.9,9999,9999,4.0,64.0,0.0,0,2499.75,156.23,0,1
Motorola,One Action ,Pearl White,4.2,10999,16999,4.0,128.0,35.3,6000,2749.75,85.93,0,0
Motorola,G4 Plus,Black,4.0,6999,13499,2.0,16.0,48.15,6500,3499.5,437.44,0,1
Motorola,M,Silver,3.9,10910,10910,4.0,64.0,0.0,0,2727.5,170.47,0,0
Lenovo,A6 Note ,Black,4.2,9999,9999,3.0,32.0,0.0,0,3333.0,312.47,0,1
Lenovo,A6 Note ,Blue,4.2,9999,9999,3.0,32.0,0.0,0,3333.0,312.47,0,1
POCO,X3 Pro ,Graphite Black,4.4,20999,25999,8.0,128.0,19.23,5000,2624.88,164.05,0,0
POCO,X3 Pro ,Steel Blue,4.4,20999,25999,8.0,128.0,19.23,5000,2624.88,164.05,0,0
POCO,X3 Pro ,Graphite Black,4.4,18999,23999,6.0,128.0,20.83,5000,3166.5,148.43,0,0
POCO,X3 Pro ,Steel Blue,4.4,18999,23999,6.0,128.0,20.83,5000,3166.5,148.43,0,0
POCO,M3 Pro 5G ,Cool Blue,4.2,16499,17999,6.0,128.0,8.33,1500,2749.83,128.9,0,0
POCO,M3 Pro 5G ,Yellow,4.2,16499,17999,6.0,128.0,8.33,1500,2749.83,128.9,0,0
POCO,M3 ,Cool Blue,4.3,11999,12999,6.0,64.0,7.69,1000,1999.83,187.48,0,0
POCO,M3 ,Power Black,4.3,11999,12999,6.0,64.0,7.69,1000,1999.83,187.48,0,0
POCO,M3 ,Yellow,4.3,11999,12999,6.0,64.0,7.69,1000,1999.83,187.48,0,0
POCO,M2 Reloaded ,Grey,4.3,9999,11999,4.0,64.0,16.67,2000,2499.75,156.23,0,1
POCO,M2 Reloaded ,Mostly Blue,4.3,9999,11999,4.0,64.0,16.67,2000,2499.75,156.23,0,1
POCO,M3 ,Cool Blue,4.3,10999,11999,4.0,64.0,8.33,1000,2749.75,171.86,0,0
POCO,M3 ,Power Black,4.3,10999,11999,4.0,64.0,8.33,1000,2749.75,171.86,0,0
POCO,M3 ,Yellow,4.3,10999,11999,4.0,64.0,8.33,1000,2749.75,171.86,0,0
POCO,C3 ,Arctic Blue,4.3,8999,10999,4.0,64.0,18.18,2000,2249.75,140.61,0,1
POCO,C3 ,Lime Green,4.3,8999,10999,4.0,64.0,18.18,2000,2249.75,140.61,0,1
POCO,C3 ,Matte Black,4.3,8999,10999,4.0,64.0,18.18,2000,2249.75,140.61,0,1
POCO,C3 ,Arctic Blue,4.3,7999,9999,3.0,32.0,20.0,2000,2666.33,249.97,0,1
POCO,C3 ,Lime Green,4.3,7999,9999,3.0,32.0,20.0,2000,2666.33,249.97,0,1
POCO,C3 ,Matte Black,4.3,7999,9999,3.0,32.0,20.0,2000,2666.33,249.97,0,1
vivo,Y20G ,Obsidian Black,4.3,13400,13400,6.0,128.0,0.0,0,2233.33,104.69,0,0
vivo,Y21 ,Midnight Blue,3.8,69990,74990,0.0,64.0,6.67,5000,inf,1093.59,1,0
vivo,Y21 ,Midnight Blue,4.4,49990,54990,8.0,256.0,9.09,5000,6248.75,195.27,1,0
vivo,Y20G ,Purist Blue,4.2,49990,54990,2.0,32.0,9.09,5000,24995.0,1562.19,1,0
vivo,Y20A 2021 ,Nebula Blue,3.8,39990,46990,0.0,64.0,14.9,7000,inf,624.84,1,0
vivo,Y33s ,Mirror Black,4.4,39990,46990,3.0,64.0,14.9,7000,13330.0,624.84,1,0
vivo,Y33s ,Midday Dream,4.4,37990,44990,6.0,64.0,15.56,7000,6331.67,593.59,1,0
vivo,Y20A ,Nebula Blue,4.4,36990,36990,3.0,64.0,0.0,0,12330.0,577.97,1,0
vivo,Y21 ,Diamond Glow,4.3,34990,39990,2.0,32.0,12.5,5000,17495.0,1093.44,1,0
vivo,Y21 ,Diamond Glow,4.3,32990,32990,6.0,128.0,0.0,0,5498.33,257.73,1,0
vivo,Y12s ,Glacier Blue,4.4,32990,32990,3.0,32.0,0.0,0,10996.67,1030.94,1,0
vivo,Y12s ,Phantom Black,4.4,32990,35990,4.0,64.0,8.34,3000,8247.5,515.47,1,0
vivo,Y20G 2021 ,Purist Blue,0.0,29990,34990,4.0,64.0,14.29,5000,7497.5,468.59,0,0
vivo,Y20G 2021 ,Obsidian Black,4.3,29990,34990,6.0,128.0,14.29,5000,4998.33,234.3,0,0
vivo,Y20A 2021 ,Dawn White,4.4,29990,32990,3.0,64.0,9.09,3000,9996.67,468.59,0,0
vivo,Y73 ,Roman Black,0.0,29990,32990,0.0,128.0,9.09,3000,inf,234.3,0,0
vivo,Y73 ,Diamond Flare,4.4,28990,28990,3.0,64.0,0.0,0,9663.33,452.97,0,0
vivo,Y1s ,Olive Black,4.4,28499,34990,6.0,64.0,18.55,6491,4749.83,445.3,0,0
vivo,Y12G ,Phantom Black,4.4,27990,27990,3.0,64.0,0.0,0,9330.0,437.34,0,0
vivo,Y51A ,Titanium Sapphire,4.3,23990,23990,3.0,16.0,0.0,0,7996.67,1499.38,0,0
vivo,Y20G ,Obsidian Black,4.4,23990,23990,4.0,64.0,0.0,0,5997.5,374.84,0,0
vivo,Y1s ,Aurora Blue,4.4,22990,27990,4.0,32.0,17.86,5000,5747.5,718.44,0,0
vivo,Y1S ,Aurora Blue,4.4,22654,22654,4.0,32.0,0.0,0,5663.5,707.94,0,0
vivo,Y72 5G ,Slate Gray,4.4,21990,21990,8.0,128.0,0.0,0,2748.75,171.8,0,0
vivo,Y72 5G ,Slate Gray,4.4,21099,32990,4.0,128.0,36.04,11891,5274.75,164.84,0,0
vivo,Y20A ,Dawn White,4.4,20600,20600,4.0,128.0,0.0,0,5150.0,160.94,0,0
vivo,V21e ,Dark Pearl,4.5,19990,24990,6.0,64.0,20.01,5000,3331.67,312.34,0,0
vivo,Y72 5G ,Prism Magic,4.4,19990,24990,4.0,64.0,20.01,5000,4997.5,312.34,0,0
vivo,Y51A ,Crystal Symphony,4.4,19490,22990,4.0,32.0,15.22,3500,4872.5,609.06,0,0
vivo,Y20 ,Purist Blue,4.4,19490,22990,4.0,32.0,15.22,3500,4872.5,609.06,0,0
vivo,V21e ,Sunset Jazz,4.3,18990,18990,3.0,16.0,0.0,0,6330.0,1186.88,0,0
vivo,Y20G ,Purist Blue,4.3,18990,20990,3.0,16.0,9.53,2000,6330.0,1186.88,0,0
vivo,V20 SE ,Gravity Black,4.3,17999,17999,3.0,32.0,0.0,0,5999.67,562.47,0,0
vivo,Y11 ,Agate Red,4.4,16990,20990,4.0,64.0,19.06,4000,4247.5,265.47,0,0
vivo,Y53s ,Deep Sea Blue,4.5,16989,16989,6.0,64.0,0.0,0,2831.5,265.45,0,0
vivo,X60 ,Midnight Black,4.4,16490,16490,4.0,64.0,0.0,0,4122.5,257.66,0,0
vivo,Y12G ,Glacier Blue,4.5,15990,15990,6.0,128.0,0.0,0,2665.0,124.92,0,0
vivo,Y12G ,Glacier Blue,4.5,15990,15990,4.0,64.0,0.0,0,3997.5,249.84,0,0
vivo,Y12G ,Phantom Black,4.4,15900,15900,12.0,256.0,0.0,0,1325.0,62.11,0,0
vivo,V20 2021 ,Sunset Melody,4.4,15490,19490,12.0,256.0,20.52,4000,1290.83,60.51,0,0
vivo,V21 5G ,Sunset Dazzle,4.5,15490,19490,8.0,256.0,20.52,4000,1936.25,60.51,0,0
vivo,V21 5G ,Sunset Dazzle,4.4,14990,14990,12.0,256.0,0.0,0,1249.17,58.55,0,0
vivo,V21 5G ,Dusk Blue,4.4,14990,14990,12.0,256.0,0.0,0,1249.17,58.55,0,0
vivo,V21 5G ,Arctic White,4.3,14990,14990,8.0,256.0,0.0,0,1873.75,58.55,0,0
vivo,V21 5G ,Dusk Blue,4.3,14990,14990,8.0,256.0,0.0,0,1873.75,58.55,0,0
vivo,Y91i ,Fusion Black,4.4,14990,14990,8.0,128.0,0.0,0,1873.75,117.11,0,0
vivo,Y53s ,Fantastic Rainbow,4.3,14500,14500,8.0,128.0,0.0,0,1812.5,113.28,0,0
vivo,Y20 ,Obsidian Black,4.3,13995,13995,8.0,256.0,0.0,0,1749.38,54.67,0,0
vivo,Y31 ,Ocean Blue,4.3,13990,13990,8.0,256.0,0.0,0,1748.75,54.65,0,0
vivo,Y30 ,Emerald Black,4.4,13990,18990,8.0,128.0,26.33,5000,1748.75,109.3,0,0
vivo,X60 ,Midnight Black,4.3,13990,16990,8.0,128.0,17.66,3000,1748.75,109.3,0,0
vivo,Y1S ,Olive Black,4.3,13890,13990,8.0,128.0,0.71,100,1736.25,108.52,0,0
vivo,Y1S ,Aurora Blue,4.4,13890,13990,8.0,128.0,0.71,100,1736.25,108.52,0,0
vivo,V20 SE ,Aquamarine Green,4.3,12900,12900,8.0,128.0,0.0,0,1612.5,100.78,0,0
vivo,V20 2021 ,Sunset Melody,4.3,11990,15490,8.0,128.0,22.6,3500,1498.75,93.67,0,0
vivo,V20 Pro ,Midnight Jazz,4.3,10990,10990,4.0,128.0,0.0,0,2747.5,85.86,0,0
vivo,X60 ,Shimmer Blue,4.4,8205,8205,3.0,64.0,0.0,0,2735.0,128.2,0,1
Xiaomi,Mi 10 ,Coral Green,4.2,54999,59999,8.0,256.0,8.33,5000,6874.88,214.84,1,0
Xiaomi,Mi 10 ,Twilight Grey,4.2,45871,45871,8.0,256.0,0.0,0,5733.88,179.18,1,0
Xiaomi,Mi 10i ,Atlantic Blue,4.3,24890,24988,8.0,128.0,0.39,98,3111.25,194.45,0,0
Xiaomi,Mi 10i ,Atlantic Blue,4.3,22650,24198,6.0,128.0,6.4,1548,3775.0,176.95,0,0
Xiaomi,Mi 10i ,Midnight Black,4.3,22950,24198,6.0,128.0,5.16,1248,3825.0,179.3,0,0
Xiaomi,Mi 10i ,Pacific Sunrise,4.3,26989,26989,8.0,128.0,0.0,0,3373.62,210.85,0,0
Xiaomi,Mi 10T ,Cosmic Black,4.2,32999,39999,6.0,128.0,17.5,7000,5499.83,257.8,1,0
Xiaomi,Mi 10T ,Cosmic Black,4.4,34999,42999,8.0,128.0,18.61,8000,4374.88,273.43,1,0
Xiaomi,Mi 10T ,Lunar Silver,4.3,32999,39999,6.0,128.0,17.5,7000,5499.83,257.8,1,0
Xiaomi,Mi 11 Lite ,Jazz Blue,4.2,23999,25999,8.0,128.0,7.69,2000,2999.88,187.49,0,0
Xiaomi,Mi 11 Lite ,Jazz Blue,4.2,21999,24999,6.0,128.0,12.0,3000,3666.5,171.87,0,0
Xiaomi,Mi 11 Lite ,Tuscany Coral,4.2,21999,24999,6.0,128.0,12.0,3000,3666.5,171.87,0,0
Xiaomi,Mi 11 Lite ,Tuscany Coral,4.3,23999,25999,8.0,128.0,7.69,2000,2999.88,187.49,0,0
Xiaomi,Mi 11 Lite ,Vinyl Black,4.2,23999,25999,8.0,128.0,7.69,2000,2999.88,187.49,0,0
Xiaomi,Mi 11 Lite ,Vinyl Black,4.3,21999,24999,6.0,128.0,12.0,3000,3666.5,171.87,0,0
Xiaomi,Mi 11X ,Celestial Silver,4.4,26824,26824,8.0,128.0,0.0,0,3353.0,209.56,0,0
Xiaomi,Mi 11X ,Celestial Silver,4.2,24744,25990,6.0,128.0,4.79,1246,4124.0,193.31,0,0
Xiaomi,Mi 11X ,Cosmic Black,4.2,26828,26828,8.0,128.0,0.0,0,3353.5,209.59,0,0
Xiaomi,Mi 11X ,Cosmic Black,4.4,24283,28700,6.0,128.0,15.39,4417,4047.17,189.71,0,0
Xiaomi,Mi 11X ,Lunar White,4.3,24338,25989,6.0,128.0,6.35,1651,4056.33,190.14,0,0
Xiaomi,Mi 11X ,LUNAR WHITE,4.2,27950,31983,8.0,128.0,12.61,4033,3493.75,218.36,0,0
Xiaomi,Mi 11X ,Lunar White,4.5,26758,26758,8.0,128.0,0.0,0,3344.75,209.05,0,0
Xiaomi,MI 11X 5G ,CELESTIAL SILVER,4.1,26295,27395,6.0,128.0,4.02,1100,4382.5,205.43,0,0
Xiaomi,MI 11X 5G ,COSMIC BLACK,4.1,24492,27995,6.0,128.0,12.51,3503,4082.0,191.34,0,0
Xiaomi,MI 11X 5G ,LUNAR WHITE,4.4,26495,28990,6.0,128.0,8.61,2495,4415.83,206.99,0,0
Xiaomi,Mi 11X Pro 5G ,Celestial Silver,4.2,36290,37490,8.0,128.0,3.2,1200,4536.25,283.52,1,0
Xiaomi,Mi 11X Pro 5G ,Cosmic Black,4.4,39999,39999,8.0,128.0,0.0,0,4999.88,312.49,1,0
Xiaomi,Mi 11X Pro 5G ,Cosmic Black,4.2,38950,39990,8.0,256.0,2.6,1040,4868.75,152.15,1,0
Xiaomi,Mi 11X Pro 5G ,Lunar White,4.4,38999,38999,8.0,256.0,0.0,0,4874.88,152.34,1,0
Xiaomi,Mi A2 ,Black,3.8,14949,14949,6.0,128.0,0.0,0,2491.5,116.79,0,0
Xiaomi,Mi A2 ,Black,4.3,11990,12899,4.0,64.0,7.05,909,2997.5,187.34,0,0
Xiaomi,Mi A2 ,Gold,4.3,14398,14398,6.0,128.0,0.0,0,2399.67,112.48,0,0
Xiaomi,Mi A2 ,Gold,4.4,12499,12499,4.0,64.0,0.0,0,3124.75,195.3,0,0
Xiaomi,Mi A2 ,Red,4.4,14443,14443,6.0,128.0,0.0,0,2407.17,112.84,0,0
Xiaomi,Mi A2 ,Red,4.4,11948,11948,4.0,64.0,0.0,0,2987.0,186.69,0,0
Xiaomi,Mi A3 ,Kind of Grey,4.3,12990,14990,4.0,64.0,13.34,2000,3247.5,202.97,0,0
Xiaomi,Mi A3 ,More Than White,4.4,12990,14990,4.0,64.0,13.34,2000,3247.5,202.97,0,0
Xiaomi,Mi A3 ,Not just Blue,0.0,12990,14989,4.0,64.0,13.34,1999,3247.5,202.97,0,0
Xiaomi,Mi Max 2 ,Black,4.4,13990,13990,4.0,64.0,0.0,0,3497.5,218.59,0,0
Xiaomi,MI3 ,Metallic Grey,4.3,7999,7999,2.0,16.0,0.0,0,3999.5,499.94,0,1
Xiaomi,Redmi 5 ,Black,4.4,9900,9900,3.0,32.0,0.0,0,3300.0,309.38,0,1
Xiaomi,Redmi 5 ,Gold,4.4,9399,9399,3.0,32.0,0.0,0,3133.0,293.72,0,1
Xiaomi,Redmi 5 ,Gold,4.2,10990,10990,4.0,64.0,0.0,0,2747.5,171.72,0,0
Xiaomi,Redmi 5 ,Lake Blue,4.2,8990,8990,3.0,32.0,0.0,0,2996.67,280.94,0,1
Xiaomi,Redmi 6 ,Black,4.2,10450,10450,3.0,64.0,0.0,0,3483.33,163.28,0,0
Xiaomi,Redmi 6 Pro ,Gold,4.5,12349,12999,4.0,64.0,5.0,650,3087.25,192.95,0,0
Xiaomi,Redmi 6 Pro ,Lake Blue,4.4,11999,11999,4.0,64.0,0.0,0,2999.75,187.48,0,0
Xiaomi,Redmi 6 Pro ,Red,4.5,9990,9990,3.0,32.0,0.0,0,3330.0,312.19,0,1
Xiaomi,Redmi 6 Pro ,Red,4.4,11999,12990,4.0,64.0,7.63,991,2999.75,187.48,0,0
Xiaomi,Redmi 6A ,Black,4.3,7989,7989,2.0,32.0,0.0,0,3994.5,249.66,0,1
Xiaomi,Redmi 6A ,Gold,4.3,7499,7499,2.0,32.0,0.0,0,3749.5,234.34,0,1
Xiaomi,Redmi 6A ,Rose Gold,4.3,7699,7699,2.0,32.0,0.0,0,3849.5,240.59,0,1
Xiaomi,Redmi 7 ,Comet Blue,4.5,9490,9490,2.0,32.0,0.0,0,4745.0,296.56,0,1
Xiaomi,Redmi 7 ,Eclipse Black,4.3,9490,9490,2.0,32.0,0.0,0,4745.0,296.56,0,1
Xiaomi,Redmi 7A ,Matte Gold,4.5,6499,6499,2.0,16.0,0.0,0,3249.5,406.19,0,1
Xiaomi,Redmi 7A ,Matte Gold,4.5,6999,6999,2.0,32.0,0.0,0,3499.5,218.72,0,1
Xiaomi,Redmi 8 ,Onyx Black,4.3,10999,10999,4.0,64.0,0.0,0,2749.75,171.86,0,0
Xiaomi,Redmi 8 ,Ruby Red,4.5,10999,10999,4.0,64.0,0.0,0,2749.75,171.86,0,0
Xiaomi,Redmi 8 ,Sapphire Blue,4.3,10999,10999,4.0,64.0,0.0,0,2749.75,171.86,0,0
Xiaomi,Redmi 8A ,Midnight Black,4.4,7999,7999,2.0,32.0,0.0,0,3999.5,249.97,0,1
Xiaomi,Redmi 8A ,Sunset Red,4.2,7999,7999,2.0,32.0,0.0,0,3999.5,249.97,0,1
Xiaomi,Redmi 8A Dual ,Midnight Grey,4.4,8299,8499,3.0,32.0,2.35,200,2766.33,259.34,0,1
Xiaomi,Redmi 8A Dual ,Midnight Grey,4.5,9199,9290,3.0,64.0,0.98,91,3066.33,143.73,0,1
Xiaomi,Redmi 8A Dual ,Sea Blue,4.4,9499,9499,3.0,64.0,0.0,0,3166.33,148.42,0,1
Xiaomi,Redmi 8A Dual ,Sky White,4.4,8299,8999,3.0,32.0,7.78,700,2766.33,259.34,0,1
Xiaomi,Redmi 8A Dual ,Sky White,4.2,8561,8561,3.0,64.0,0.0,0,2853.67,133.77,0,1
Xiaomi,Redmi 8A Dual ,Sky White,4.4,8561,8561,3.0,64.0,0.0,0,2853.67,133.77,0,1
Xiaomi,Redmi 9 ,Carbon Black,4.2,10070,10129,4.0,64.0,0.58,59,2517.5,157.34,0,0
Xiaomi,Redmi 9 ,Sky Blue,4.4,11199,11990,4.0,128.0,6.6,791,2799.75,87.49,0,0
Xiaomi,Redmi 9 ,Sky Blue,4.4,10121,10121,4.0,64.0,0.0,0,2530.25,158.14,0,0
Xiaomi,Redmi 9 ,Sporty Orange,4.4,9828,10760,4.0,64.0,8.66,932,2457.0,153.56,0,1
Xiaomi,REDMI 9 Power ,Blazing Blue,4.2,13499,16999,6.0,128.0,20.59,3500,2249.83,105.46,0,0
Xiaomi,REDMI 9 Power ,Blazing Blue,4.4,11499,13999,4.0,64.0,17.86,2500,2874.75,179.67,0,0
Xiaomi,REDMI 9 Power ,Electric Green,4.2,11499,13999,4.0,64.0,17.86,2500,2874.75,179.67,0,0
Xiaomi,REDMI 9 Power ,Fiery Red,4.1,13499,16999,6.0,128.0,20.59,3500,2249.83,105.46,0,0
Xiaomi,REDMI 9 Power ,Mighty Black,4.4,11499,13999,4.0,64.0,17.86,2500,2874.75,179.67,0,0
Xiaomi,REDMI 9 Prime ,Matte Black,4.4,10499,11999,4.0,64.0,12.5,1500,2624.75,164.05,0,0
Xiaomi,REDMI 9 Prime ,Mint Green,4.4,10499,11999,4.0,64.0,12.5,1500,2624.75,164.05,0,0
Xiaomi,REDMI 9 Prime ,Space Blue,4.3,10499,11999,4.0,64.0,12.5,1500,2624.75,164.05,0,0
Xiaomi,REDMI 9 Prime ,Sunrise Flare,4.3,13999,13999,4.0,128.0,0.0,0,3499.75,109.37,0,0
Xiaomi,Redmi 9A ,Midnight Black,4.5,7589,7589,2.0,32.0,0.0,0,3794.5,237.16,0,1
Xiaomi,Redmi 9A ,Midnight Black,4.4,8389,8389,3.0,32.0,0.0,0,2796.33,262.16,0,1
Xiaomi,Redmi 9A ,Nature Green,4.1,7698,7698,2.0,32.0,0.0,0,3849.0,240.56,0,1
Xiaomi,Redmi 9A ,Nature Green,4.5,8498,8498,3.0,32.0,0.0,0,2832.67,265.56,0,1
Xiaomi,Redmi 9A ,Sea Blue,4.1,8498,8525,3.0,32.0,0.32,27,2832.67,265.56,0,1
Xiaomi,Redmi 9A ,SeaBlue,4.5,7619,7619,2.0,32.0,0.0,0,3809.5,238.09,0,1
Xiaomi,REDMI 9i ,Midnight Black,4.2,8799,9999,4.0,64.0,12.0,1200,2199.75,137.48,0,1
Xiaomi,REDMI 9i ,Nature Green,4.5,8799,9999,4.0,64.0,12.0,1200,2199.75,137.48,0,1
Xiaomi,Redmi K20 ,Carbon Black,4.1,18429,18429,6.0,128.0,0.0,0,3071.5,143.98,0,0
Xiaomi,Redmi K20 ,Carbon Black,3.8,22999,22999,6.0,64.0,0.0,0,3833.17,359.36,0,0
Xiaomi,Redmi K20 ,Flame Red,4.5,21349,21349,6.0,128.0,0.0,0,3558.17,166.79,0,0
Xiaomi,Redmi K20 ,Pearl White,4.5,20899,21999,6.0,64.0,5.0,1100,3483.17,326.55,0,0
Xiaomi,Redmi K20 Pro ,Carbon Black,4.5,28999,28999,6.0,128.0,0.0,0,4833.17,226.55,0,0
Xiaomi,Redmi K20 Pro ,Carbon Black,4.4,29999,29999,8.0,256.0,0.0,0,3749.88,117.18,0,0
Xiaomi,Redmi K20 Pro ,Glacier Blue,4.4,28999,28999,6.0,128.0,0.0,0,4833.17,226.55,0,0
Xiaomi,REDMI Note 10 Pro ,Dark Nebula,4.4,19799,19799,6.0,128.0,0.0,0,3299.83,154.68,0,0
Xiaomi,REDMI Note 10 Pro ,Dark Night,4.3,18887,19618,6.0,128.0,3.73,731,3147.83,147.55,0,0
Xiaomi,REDMI Note 10S ,Cosmic Purple,4.4,17765,17765,6.0,128.0,0.0,0,2960.83,138.79,0,0
Xiaomi,REDMI Note 10S ,Deep Sea Blue,4.3,17995,18950,6.0,128.0,5.04,955,2999.17,140.59,0,0
Xiaomi,Redmi Note 4 ,Black,4.3,9499,9499,3.0,32.0,0.0,0,3166.33,296.84,0,1
Xiaomi,Redmi Note 4 ,Black,4.5,9999,9999,4.0,64.0,0.0,0,2499.75,156.23,0,1
Xiaomi,Redmi Note 4 ,Gold,4.4,8590,8590,3.0,32.0,0.0,0,2863.33,268.44,0,1
Xiaomi,Redmi Note 5 ,Black,4.2,9990,9990,3.0,32.0,0.0,0,3330.0,312.19,0,1
Xiaomi,Redmi Note 5 ,Black,4.3,10999,11499,4.0,64.0,4.35,500,2749.75,171.86,0,0
Xiaomi,Redmi Note 5 ,Gold,4.4,11499,11499,4.0,64.0,0.0,0,2874.75,179.67,0,0
Xiaomi,Redmi Note 5 ,Rose Gold,4.4,9998,9998,3.0,32.0,0.0,0,3332.67,312.44,0,1
Xiaomi,Redmi Note 5 Pro ,Blue,4.4,14999,14999,4.0,64.0,0.0,0,3749.75,234.36,0,0
Xiaomi,Redmi Note 5 Pro ,Gold,4.2,16999,16999,6.0,64.0,0.0,0,2833.17,265.61,0,0
Xiaomi,Redmi Note 5 Pro ,Gold,4.5,14999,14999,4.0,64.0,0.0,0,3749.75,234.36,0,0
Xiaomi,Redmi Note 6 Pro ,Black,4.1,14999,14999,6.0,64.0,0.0,0,2499.83,234.36,0,0
Xiaomi,Redmi Note 6 Pro ,Black,4.4,12349,12349,4.0,64.0,0.0,0,3087.25,192.95,0,0
Xiaomi,Redmi Note 6 Pro ,Blue,4.4,12999,12999,4.0,64.0,0.0,0,3249.75,203.11,0,0
Xiaomi,Redmi Note 6 Pro ,Blue,4.5,14990,14990,6.0,64.0,0.0,0,2498.33,234.22,0,0
Xiaomi,Redmi Note 6 Pro ,Red,4.5,17999,17999,6.0,64.0,0.0,0,2999.83,281.23,0,0
Xiaomi,Redmi Note 6 Pro ,Red,4.4,12499,12499,4.0,64.0,0.0,0,3124.75,195.3,0,0
Xiaomi,Redmi Note 6 Pro ,Rose Gold,4.4,12449,15990,4.0,64.0,22.15,3541,3112.25,194.52,0,0
Xiaomi,Redmi Note 6 Pro ,Rose Gold,4.3,14999,14999,6.0,64.0,0.0,0,2499.83,234.36,0,0
Xiaomi,Redmi Note 7 ,Onyx Black,0.0,11900,12999,3.0,32.0,8.45,1099,3966.67,371.88,0,0
Xiaomi,Redmi Note 7 ,Onyx Black,4.3,11748,12690,4.0,64.0,7.42,942,2937.0,183.56,0,0
Xiaomi,Redmi Note 7 ,Ruby Red,4.2,11900,11900,3.0,32.0,0.0,0,3966.67,371.88,0,0
Xiaomi,Redmi Note 7 ,Ruby Red,4.1,13399,14399,4.0,64.0,6.94,1000,3349.75,209.36,0,0
Xiaomi,Redmi Note 7 ,Sapphire Blue,4.4,11946,11946,3.0,32.0,0.0,0,3982.0,373.31,0,0
Xiaomi,Redmi Note 7 Pro ,Blue,4.5,14450,14899,4.0,64.0,3.01,449,3612.5,225.78,0,0
Xiaomi,Redmi Note 7 Pro ,Moonlight White,4.5,15449,15990,6.0,128.0,3.38,541,2574.83,120.7,0,0
Xiaomi,Redmi Note 7 Pro ,MOONLIGHT WHITE,4.5,14980,14990,6.0,64.0,0.07,10,2496.67,234.06,0,0
Xiaomi,Redmi Note 7 Pro ,Nebula Red,4.3,14999,14999,4.0,64.0,0.0,0,3749.75,234.36,0,0
Xiaomi,Redmi Note 7 Pro ,Neptune Blue,3.8,16399,16399,6.0,128.0,0.0,0,2733.17,128.12,0,0
Xiaomi,Redmi Note 7 Pro ,Neptune Blue,4.3,16999,16999,6.0,64.0,0.0,0,2833.17,265.61,0,0
Xiaomi,Redmi Note 7 Pro ,Space Black,4.1,17999,17999,6.0,128.0,0.0,0,2999.83,140.62,0,0
Xiaomi,Redmi Note 7 Pro ,Space Black,4.5,13499,14500,4.0,64.0,6.9,1001,3374.75,210.92,0,0
Xiaomi,Redmi Note 7 Pro ,Space Black,4.5,15999,15999,6.0,64.0,0.0,0,2666.5,249.98,0,0
Xiaomi,Redmi Note 7S ,Astro Moonlight White,4.4,13999,13999,4.0,64.0,0.0,0,3499.75,218.73,0,0
Xiaomi,Redmi Note 7S ,Onyx Black,4.4,13900,13900,4.0,64.0,0.0,0,3475.0,217.19,0,0
Xiaomi,Redmi Note 7S ,Ruby Red,4.2,13900,13900,4.0,64.0,0.0,0,3475.0,217.19,0,0
Xiaomi,Redmi Note 7S ,Sapphire Blue,4.3,13500,13500,4.0,64.0,0.0,0,3375.0,210.94,0,0
Xiaomi,Redmi Note 8 ,Cosmic Purple,4.3,12999,12999,4.0,64.0,0.0,0,3249.75,203.11,0,0
Xiaomi,Redmi Note 8 ,Neptune Blue,4.4,12999,12999,4.0,64.0,0.0,0,3249.75,203.11,0,0
Xiaomi,Redmi Note 8 ,Space Black,2.3,11999,11999,4.0,64.0,0.0,0,2999.75,187.48,0,0
Xiaomi,REDMI Note 9 ,Aqua Green,0.0,11999,14999,4.0,64.0,20.0,3000,2999.75,187.48,0,0
Xiaomi,REDMI Note 9 ,Arctic White,4.3,11999,14999,4.0,64.0,20.0,3000,2999.75,187.48,0,0
Xiaomi,REDMI Note 9 ,Pebble Grey,4.4,11999,14999,4.0,64.0,20.0,3000,2999.75,187.48,0,0
Xiaomi,REDMI Note 9 ,Shadow Black,0.0,11999,14999,4.0,64.0,20.0,3000,2999.75,187.48,0,0
Xiaomi,Redmi Note 9 Pro ,Aurora Blue,4.3,15990,16999,4.0,64.0,5.94,1009,3997.5,249.84,0,0
Xiaomi,Redmi Note 9 Pro ,Champagne Gold,4.5,15998,15998,4.0,128.0,0.0,0,3999.5,124.98,0,0
Xiaomi,Redmi Note 9 Pro ,Champagne Gold,4.3,18499,18999,6.0,128.0,2.63,500,3083.17,144.52,0,0
Xiaomi,Redmi Note 9 Pro ,Champagne Gold,4.3,14999,14999,4.0,64.0,0.0,0,3749.75,234.36,0,0
Xiaomi,Redmi Note 9 Pro ,Glacier White,4.3,16488,16999,4.0,64.0,3.01,511,4122.0,257.62,0,0
Xiaomi,Redmi Note 9 Pro ,Interstellar Black,0.0,17990,17990,4.0,128.0,0.0,0,4497.5,140.55,0,0
Xiaomi,Redmi Y1 ,Rose Gold,4.3,8990,8990,3.0,32.0,0.0,0,2996.67,280.94,0,1
Xiaomi,Redmi Y2 ,Black,4.3,9478,9478,3.0,32.0,0.0,0,3159.33,296.19,0,1
Xiaomi,Redmi Y2 ,Black,4.3,10999,10999,4.0,64.0,0.0,0,2749.75,171.86,0,0
Xiaomi,Redmi Y2 ,Blue,4.3,9499,9499,3.0,32.0,0.0,0,3166.33,296.84,0,1
Xiaomi,Redmi Y2 ,Blue,4.3,10999,10999,4.0,64.0,0.0,0,2749.75,171.86,0,0
Xiaomi,Redmi Y2 ,Dark Grey,4.2,9499,9499,3.0,32.0,0.0,0,3166.33,296.84,0,1
Xiaomi,Redmi Y2 ,Dark Grey,4.3,10888,10888,4.0,64.0,0.0,0,2722.0,170.12,0,0
Xiaomi,Redmi Y2 ,Gold,4.2,9468,10499,3.0,32.0,9.82,1031,3156.0,295.88,0,1
Xiaomi,Redmi Y2 ,Gold,4.3,10999,10999,4.0,64.0,0.0,0,2749.75,171.86,0,0
Xiaomi,Redmi Y2 ,Rose Gold,4.3,9999,9999,3.0,32.0,0.0,0,3333.0,312.47,0,1
Xiaomi,Redmi Y2 ,Rose Gold,0.0,10999,10999,4.0,64.0,0.0,0,2749.75,171.86,0,0
Xiaomi,Redmi Y3 ,Bold Red,4.3,12999,13999,4.0,64.0,7.14,1000,3249.75,203.11,0,0
Xiaomi,Redmi Y3 ,Elegant Blue,4.3,9450,9450,3.0,32.0,0.0,0,3150.0,295.31,0,1
Xiaomi,Redmi Y3 ,Elegant Blue,4.2,12999,12999,4.0,64.0,0.0,0,3249.75,203.11,0,0
Xiaomi,Redmi Y3 ,Prime Black,4.2,9950,9950,3.0,32.0,0.0,0,3316.67,310.94,0,1
Xiaomi,Redmi Y3 ,Prime Black,4.3,12499,13999,4.0,64.0,10.72,1500,3124.75,195.3,0,0
HTC,U11,Solar Red,4.6,53990,53990,6.0,128.0,0.0,0,8998.33,421.8,1,0
HTC,U Ultra,Brilliant Black,4.0,62990,62990,4.0,64.0,0.0,0,15747.5,984.22,1,0
HTC,U Ultra,Sapphire Blue,4.0,62990,62990,4.0,64.0,0.0,0,15747.5,984.22,1,0
HTC,U11,Brilliant Black,4.6,53990,53990,6.0,128.0,0.0,0,8998.33,421.8,1,0
HTC,U11,Amazing Silver,4.6,53990,53990,6.0,128.0,0.0,0,8998.33,421.8,1,0
HTC,U11,Sapphire Blue,4.6,53990,53990,6.0,128.0,0.0,0,8998.33,421.8,1,0
HTC,Desire 630,Sprinkle White,3.8,12570,12570,2.0,16.0,0.0,0,6285.0,785.62,0,0
HTC,10,Carbon Grey,4.2,47990,47990,4.0,32.0,0.0,0,11997.5,1499.69,1,0
HTC,10,Topaz Gold,4.2,56690,56690,4.0,32.0,0.0,0,14172.5,1771.56,1,0
HTC,628,Sunset Blue,3.7,15400,15400,3.0,32.0,0.0,0,5133.33,481.25,0,0
HTC,Desire 626,White Birch,3.7,11810,11810,2.0,16.0,0.0,0,5905.0,738.12,0,0
HTC,Desire 626,Blue Lagoon,3.7,13200,13200,2.0,16.0,0.0,0,6600.0,825.0,0,0
HTC,Desire 626,Dark Grey,3.7,15490,15490,2.0,16.0,0.0,0,7745.0,968.12,0,0
HTC,Desire 828,Pearl White,3.7,16990,16990,2.0,16.0,0.0,0,8495.0,1061.88,0,0
HTC,Desire 826 DS,Blue Lagoon,3.7,26999,26999,2.0,16.0,0.0,0,13499.5,1687.44,0,0
HTC,Desire 826 DS,White Birch,3.7,18249,18249,2.0,16.0,0.0,0,9124.5,1140.56,0,0
HTC,820 G+,Milkyway Grey,3.9,19695,19695,1.0,16.0,0.0,0,19695.0,1230.94,0,0
HTC,Desire 326G DS,White Birch,3.7,9590,9590,1.0,8.0,0.0,0,9590.0,1198.75,0,1
HTC,Desire 326G DS,Black Onyx,3.7,9590,9590,1.0,8.0,0.0,0,9590.0,1198.75,0,1
HTC,One E9+,Meteor Grey,3.9,38800,38800,3.0,32.0,0.0,0,12933.33,1212.5,1,0
HTC,One E9+,Gold Sepia,3.9,38800,38800,3.0,32.0,0.0,0,12933.33,1212.5,1,0
HTC,One E9+,Gold and Silver,4.1,53900,53900,3.0,32.0,0.0,0,17966.67,1684.38,1,0
HTC,626G Plus,Blue Lagoon,3.9,8999,8999,1.0,8.0,0.0,0,8999.0,1124.88,0,1
HTC,826,White Birch,3.7,27990,27990,2.0,16.0,0.0,0,13995.0,1749.38,0,0
HTC,626G Plus,White Birch,3.9,8999,8999,1.0,8.0,0.0,0,8999.0,1124.88,0,1
HTC,526G Plus,Fervor Red,4.0,12400,12400,1.0,16.0,0.0,0,12400.0,775.0,0,0
HTC,820S,Milkyway Grey,3.9,25500,25500,2.0,16.0,0.0,0,12750.0,1593.75,0,0
HTC,820S,Santorini White,3.9,25500,25500,2.0,16.0,0.0,0,12750.0,1593.75,0,0
HTC,Desire 820,Saffron Grey,4.1,25999,25999,2.0,16.0,0.0,0,12999.5,1624.94,0,0
HTC,Desire 526G Plus,Glossy Black,4.0,9900,9900,1.0,16.0,0.0,0,9900.0,618.75,0,1
HTC,Desire 526G Plus,Glacier Blue,4.0,6999,6999,1.0,16.0,0.0,0,6999.0,437.44,0,1
HTC,816G,White,3.9,21990,21990,1.0,16.0,0.0,0,21990.0,1374.38,0,0
HTC,816G,Blue,3.9,21990,21990,1.0,16.0,0.0,0,21990.0,1374.38,0,0
HTC,620G,Santorini White,3.9,7999,7999,1.0,8.0,0.0,0,7999.0,999.88,0,1
HTC,620G,Milkyway Grey,4.1,23999,23999,1.0,16.0,0.0,0,23999.0,1499.94,0,0
HTC,Desire 820,Santorini White,4.0,25999,25999,2.0,16.0,0.0,0,12999.5,1624.94,0,0
HTC,Desire 816G,Blue,4.0,21999,21999,1.0,16.0,0.0,0,21999.0,1374.94,0,0
HTC,Desire 616,Dark Grey,3.8,17200,17200,1.0,4.0,0.0,0,17200.0,4300.0,0,0
HTC,Desire 616,Pearl White,3.8,17200,17200,1.0,4.0,0.0,0,17200.0,4300.0,0,0
HTC,Desire 516,Pearl White,3.5,15200,15200,1.0,4.0,0.0,0,15200.0,3800.0,0,0
HTC,Desire 516,Dark Grey,3.5,15200,15200,1.0,4.0,0.0,0,15200.0,3800.0,0,0
HTC,One M8 ,Amber Gold,4.4,59900,59900,2.0,16.0,0.0,0,29950.0,3743.75,1,0
HTC,Desire 816  ,White  ,4.1,27390,27390,1.5,8.0,0.0,0,18260.0,3423.75,0,0
HTC,Desire 816  ,Dark Grey,4.1,27390,27390,1.5,8.0,0.0,0,18260.0,3423.75,0,0
HTC,Desire 210,Black,3.6,9990,9990,0.5,4.0,0.0,0,19980.0,2497.5,0,1
HTC,Desire 210,White,3.6,9990,9990,0.5,4.0,0.0,0,19980.0,2497.5,0,1
HTC,One M8 ,Silver,4.4,59900,59900,2.0,16.0,0.0,0,29950.0,3743.75,1,0
HTC,One M8 ,Gunmetal Grey,4.4,59900,59900,2.0,16.0,0.0,0,29950.0,3743.75,1,0
HTC,Desire 700,Black,3.8,35490,35490,1.0,8.0,0.0,0,35490.0,4436.25,1,0
HTC,One 802D,Silver,4.1,59590,59590,2.0,32.0,0.0,0,29795.0,1862.19,1,0
Nokia,XR 20,Grey ,4.3,46988,46988,6.0,128.0,0.0,0,7831.33,367.09,1,0
OPPO,A16,Blue,3.7,10490,10490,3.0,32.0,0.0,0,3496.67,327.81,0,0
OPPO,A16,Black,3.7,10490,10490,3.0,32.0,0.0,0,3496.67,327.81,0,0
OPPO,A16,White,3.7,10490,10490,3.0,32.0,0.0,0,3496.67,327.81,0,0
OPPO,A55,Mint Green,4.3,15490,15490,4.0,64.0,0.0,0,3872.5,242.03,0,0
OPPO,A55,Rainbow Blue,4.3,15490,18990,4.0,64.0,18.43,3500,3872.5,242.03,0,0
OPPO,A55,Rainbow Blue,3.8,17490,20990,6.0,128.0,16.67,3500,2915.0,136.64,0,0
OPPO,A55,Starry Black,3.8,17490,20990,6.0,128.0,16.67,3500,2915.0,136.64,0,0
OPPO,A55,Starry Black,4.3,15490,15490,4.0,64.0,0.0,0,3872.5,242.03,0,0
POCO,F3 GT,Predator Black,4.3,28999,34999,8.0,128.0,17.14,6000,3624.88,226.55,0,0
POCO,F3 GT,Predator Black,4.3,28999,32999,6.0,128.0,12.12,4000,4833.17,226.55,0,0
POCO,F3 GT,Predator Black,4.3,30999,36999,8.0,256.0,16.22,6000,3874.88,121.09,1,0
POCO,F3 GT,Gunmetal Silver,4.3,28999,34999,8.0,128.0,17.14,6000,3624.88,226.55,0,0
POCO,M3 Pro 5G ,Power Black,4.2,16499,17999,6.0,128.0,8.33,1500,2749.83,128.9,0,0
POCO,F1,Graphite Black,4.5,24999,24999,6.0,128.0,0.0,0,4166.5,195.3,0,0
POCO,F1,Graphite Black,4.5,28999,28999,6.0,256.0,0.0,0,4833.17,113.28,0,0
POCO,F1,Armoured Edition,4.5,30999,30999,8.0,256.0,0.0,0,3874.88,121.09,1,0
POCO,F1,Steel Blue,4.5,21999,21999,6.0,64.0,0.0,0,3666.5,343.73,0,0
POCO,F1,Steel Blue,0.0,24999,24999,6.0,128.0,0.0,0,4166.5,195.3,0,0
POCO,F3 GT,Gunmetal Silver,4.3,28999,32999,6.0,128.0,12.12,4000,4833.17,226.55,0,0
POCO,M2 Pro,Two shades of black,4.4,14999,17999,6.0,64.0,16.67,3000,2499.83,234.36,0,0
POCO,M2 Pro,Green and Greener,4.3,13999,16999,4.0,64.0,17.65,3000,3499.75,218.73,0,0
POCO,M2 Pro,Green and Greener,4.3,14999,16999,6.0,64.0,11.77,2000,2499.83,234.36,0,0
POCO,M2 Pro,Out of Blue,4.4,15999,19999,6.0,128.0,20.0,4000,2666.5,124.99,0,0
POCO,M2 Pro,Two shades of black,4.4,13999,17999,4.0,64.0,22.22,4000,3499.75,218.73,0,0
POCO,M2 Pro,Out of Blue,4.4,14999,19999,6.0,64.0,25.0,5000,2499.83,234.36,0,0
POCO,M2 Pro,Out of Blue,4.4,13999,16999,4.0,64.0,17.65,3000,3499.75,218.73,0,0
POCO,M2 Pro,Green and Greener,4.3,15999,19999,6.0,128.0,20.0,4000,2666.5,124.99,0,0
POCO,M2  ,Slate Blue,4.4,11499,14999,6.0,128.0,23.33,3500,1916.5,89.84,0,0
POCO,M2  ,Pitch Black,4.4,11499,14999,6.0,128.0,23.33,3500,1916.5,89.84,0,0
POCO,M2  ,Brick Red,4.4,11499,14999,6.0,128.0,23.33,3500,1916.5,89.84,0,0
POCO,M2  ,Brick Red,4.4,10499,12999,6.0,64.0,19.23,2500,1749.83,164.05,0,0
POCO,X2,Atlantic Blue,4.5,14999,18999,6.0,64.0,21.05,4000,2499.83,234.36,0,0
POCO,X2 Special Edition,Atlantic Blue,4.5,15999,19999,6.0,128.0,20.0,4000,2666.5,124.99,0,0
POCO,X2,Matrix Purple,4.5,15999,19999,6.0,128.0,20.0,4000,2666.5,124.99,0,0
POCO,X2,Matrix Purple,4.5,21499,22999,8.0,256.0,6.52,1500,2687.38,83.98,0,0
POCO,X2,Pheonix Red,4.5,14999,18999,6.0,64.0,21.05,4000,2499.83,234.36,0,0
POCO,X2 Special Edition,Matrix Purple,4.5,19999,19999,6.0,128.0,0.0,0,3333.17,156.24,0,0
POCO,X2,Pheonix Red,4.5,15999,19999,6.0,128.0,20.0,4000,2666.5,124.99,0,0
POCO,X2,Pheonix Red,4.5,21499,22999,8.0,256.0,6.52,1500,2687.38,83.98,0,0
POCO,F1,Rosso Red,4.5,30999,30999,8.0,256.0,0.0,0,3874.88,121.09,1,0
POCO,F1,Rosso Red,4.5,24999,24999,6.0,128.0,0.0,0,4166.5,195.3,0,0
POCO,F1,Graphite Black,4.5,21999,21999,6.0,64.0,0.0,0,3666.5,343.73,0,0
POCO,F1,Steel Blue,4.5,30999,30999,8.0,256.0,0.0,0,3874.88,121.09,1,0
realme,9i,Prism Blue,4.4,15999,17999,6.0,128.0,11.11,2000,2666.5,124.99,0,0
realme,9i,Prism Black,4.4,15999,17999,6.0,128.0,11.11,2000,2666.5,124.99,0,0
realme,9i,Prism Blue,4.5,13999,15999,4.0,64.0,12.5,2000,3499.75,218.73,0,0
realme,9i,Prism Black,4.5,13999,15999,4.0,64.0,12.5,2000,3499.75,218.73,0,0
realme,GT Master Edition ,Daybreak Blue,4.3,25999,29999,6.0,128.0,13.33,4000,4333.17,203.12,0,0
realme,GT Master Edition ,Daybreak Blue,4.4,27999,29999,8.0,128.0,6.67,2000,3499.88,218.74,0,0
realme,C25Y ,Metal Grey,4.5,10999,12999,4.0,64.0,15.39,2000,2749.75,171.86,0,0
realme,C25Y ,Glacier Blue,4.5,10999,12999,4.0,64.0,15.39,2000,2749.75,171.86,0,0
realme,GT Neo 2,Neo Blue,4.4,35999,38999,12.0,256.0,7.69,3000,2999.92,140.62,1,0
realme,GT Neo 2,Neo Black,4.4,35999,38999,12.0,256.0,7.69,3000,2999.92,140.62,1,0
realme,GT Neo 2,Neo Blue,4.4,31999,34999,8.0,128.0,8.57,3000,3999.88,249.99,1,0
realme,GT Neo 2,Neo Black,4.4,31999,34999,8.0,128.0,8.57,3000,3999.88,249.99,1,0
realme,C25Y ,Metal Grey,4.5,12049,13999,4.0,128.0,13.93,1950,3012.25,94.13,0,0
realme,GT Master Edition ,Luna White ,4.3,27999,29999,8.0,128.0,6.67,2000,3499.88,218.74,0,0
realme,GT Master Edition ,Voyager Grey,4.3,29999,29999,8.0,256.0,0.0,0,3749.88,117.18,0,0
realme,X7 Max,Mercury Silver,4.4,26999,29999,8.0,128.0,10.0,3000,3374.88,210.93,0,0
realme,X7 Max,Milkyway Grey,4.3,29999,32999,12.0,256.0,9.09,3000,2499.92,117.18,0,0
realme,X7 Max,Asteroid Black,4.3,29999,32999,12.0,256.0,9.09,3000,2499.92,117.18,0,0
realme,X7 Max,Asteroid Black,4.3,26999,29999,8.0,128.0,10.0,3000,3374.88,210.93,0,0
realme,X7 Max,Milkyway Grey,4.3,26999,29999,8.0,128.0,10.0,3000,3374.88,210.93,0,0
realme,X7 Max,Mercury Silver,4.4,29999,32999,12.0,256.0,9.09,3000,2499.92,117.18,0,0
SAMSUNG,Galaxy A52s 5G ,Awesome Mint,4.3,37499,40999,8.0,128.0,8.54,3500,4687.38,292.96,1,0
SAMSUNG,Galaxy Z Fold3 5G ,Phantom Green,4.4,149999,171999,12.0,256.0,12.79,22000,12499.92,585.93,1,0
SAMSUNG,Galaxy Z Fold3 5G ,Phantom Silver,4.4,149999,171999,12.0,256.0,12.79,22000,12499.92,585.93,1,0
SAMSUNG,Galaxy Z Flip3 5G ,Lavender  ,4.3,88999,95999,8.0,128.0,7.29,7000,11124.88,695.3,1,0
SAMSUNG,Galaxy F42 5G ,Matte Black,4.1,20999,23999,6.0,128.0,12.5,3000,3499.83,164.05,0,0
SAMSUNG,Galaxy F42 5G ,Matte Black,4.1,22999,25999,8.0,128.0,11.54,3000,2874.88,179.68,0,0
SAMSUNG,Galaxy F42 5G ,Matte Aqua,4.1,22999,25999,8.0,128.0,11.54,3000,2874.88,179.68,0,0
SAMSUNG,Galaxy F42 5G ,Matte Aqua,4.1,20999,23999,6.0,128.0,12.5,3000,3499.83,164.05,0,0
vivo,Y21A,Midnight Blue,4.1,14449,14449,4.0,64.0,0.0,0,3612.25,225.77,0,0
vivo,Y33T,Midday Dream,3.9,18990,22990,8.0,128.0,17.4,4000,2373.75,148.36,0,0
vivo,Y33T,Mirror Black,4.9,22990,22990,8.0,128.0,0.0,0,2873.75,179.61,0,0
vivo,Y21T,Midnight Blue,4.1,16490,19990,4.0,128.0,17.51,3500,4122.5,128.83,0,0
vivo,Y21T,Pearl White,4.1,16490,19990,4.0,128.0,17.51,3500,4122.5,128.83,0,0
vivo,V23 5G,Sunshine Gold,4.4,34990,37990,12.0,256.0,7.9,3000,2915.83,136.68,1,0
vivo,V23 5G,Stardust Black,4.4,29990,34990,8.0,128.0,14.29,5000,3748.75,234.3,0,0
vivo,V23 5G,Sunshine Gold,4.4,29990,34990,8.0,128.0,14.29,5000,3748.75,234.3,0,0
vivo,V23 5G,Stardust Black,4.4,34990,37990,12.0,256.0,7.9,3000,2915.83,136.68,1,0
vivo,V23 Pro 5G,Stardust Black,4.3,38990,41990,8.0,128.0,7.14,3000,4873.75,304.61,1,0
vivo,V23 Pro 5G,Stardust Black,4.1,43990,45990,12.0,256.0,4.35,2000,3665.83,171.84,1,0
vivo,V23 Pro 5G,Sunshine Gold,4.1,43990,45990,12.0,256.0,4.35,2000,3665.83,171.84,1,0
vivo,V21 5G ,Neon Spark,4.3,32990,32990,8.0,128.0,0.0,0,4123.75,257.73,1,0
vivo,Y20 T,Obsidian Black,4.3,15490,19490,6.0,64.0,20.52,4000,2581.67,242.03,0,0
vivo,Y20 T,Purist Blue,4.3,15490,15490,6.0,64.0,0.0,0,2581.67,242.03,0,0
vivo,X70 Pro+,Enigma Black,4.5,79990,84990,12.0,256.0,5.88,5000,6665.83,312.46,1,0
vivo,X70 Pro ,Aurora Dawn,4.5,49990,54990,8.0,256.0,9.09,5000,6248.75,195.27,1,0
vivo,X70 Pro ,Cosmic Black,4.5,52990,57990,12.0,256.0,8.62,5000,4415.83,206.99,1,0
vivo,X70 Pro ,Aurora Dawn,4.5,46990,51990,8.0,128.0,9.62,5000,5873.75,367.11,1,0
vivo,X60 Pro,Midnight Black,4.4,54990,54990,12.0,256.0,0.0,0,4582.5,214.8,1,0
vivo,X60 Pro,Shimmer Blue,5.0,48780,48780,12.0,256.0,0.0,0,4065.0,190.55,1,0
vivo,X50 Pro,Alpha Grey,4.5,54990,54990,8.0,256.0,0.0,0,6873.75,214.8,1,0
vivo,X50  ,Frost Blue,5.0,44990,44990,8.0,256.0,0.0,0,5623.75,175.74,1,0
vivo,U10,Thunder Black,4.4,10990,10990,3.0,32.0,0.0,0,3663.33,343.44,0,0
vivo,U11,Electric Blue,4.4,11990,11990,3.0,64.0,0.0,0,3996.67,187.34,0,0
vivo,U12,Electric Blue,4.4,13990,13990,4.0,64.0,0.0,0,3497.5,218.59,0,0
vivo,S1,Skyline Blue,4.4,20990,20990,6.0,64.0,0.0,0,3498.33,327.97,0,0
vivo,Z1x,Fusion Blue,4.5,19990,19990,6.0,64.0,0.0,0,3331.67,312.34,0,0
vivo,Z1x,Phantom Purple,5.0,19990,19990,6.0,64.0,0.0,0,3331.67,312.34,0,0
vivo,S1,Skyline Blue,4.4,19990,19990,4.0,128.0,0.0,0,4997.5,156.17,0,0
vivo,S2,Diamond Black,5.0,19990,19990,4.0,128.0,0.0,0,4997.5,156.17,0,0
vivo,Z1 Pro,Mirror Black,4.5,15990,15990,4.0,64.0,0.0,0,3997.5,249.84,0,0
vivo,Z1 Pro,Sonic Blue,4.5,17990,17990,6.0,64.0,0.0,0,2998.33,281.09,0,0
vivo,Z1 Pro,Sonic Black,4.5,15990,15990,4.0,64.0,0.0,0,3997.5,249.84,0,0
vivo,X50  ,Frost Blue,4.3,39990,39990,8.0,128.0,0.0,0,4998.75,312.42,1,0
vivo,S1,Diamond Black,4.4,22990,22990,6.0,128.0,0.0,0,3831.67,179.61,0,0
vivo,Y90,Black,4.4,7990,7990,2.0,16.0,0.0,0,3995.0,499.38,0,1
vivo,Y93,Nebula Purple,4.4,11990,11990,3.0,64.0,0.0,0,3996.67,187.34,0,0
vivo,Y94,Nebula Purple,4.4,15990,15990,4.0,32.0,0.0,0,3997.5,499.69,0,0
vivo,Y95,Starry Black,4.4,17000,17000,4.0,32.0,0.0,0,4250.0,531.25,0,0
vivo,Y95,Starry Black,4.4,18990,18990,4.0,64.0,0.0,0,4747.5,296.72,0,0
vivo,Y83,Gold,4.4,15990,15990,4.0,32.0,0.0,0,3997.5,499.69,0,0
vivo,V9,Sapphire Blue,4.5,23400,23990,4.0,64.0,2.46,590,5850.0,365.62,0,0
vivo,X21,Black,4.3,35399,36900,6.0,128.0,4.07,1501,5899.83,276.55,1,0
vivo,V9 Youth,Black,4.4,19899,19990,4.0,32.0,0.46,91,4974.75,621.84,0,0
vivo,V9,Gold,4.5,20990,20990,4.0,64.0,0.0,0,5247.5,327.97,0,0
vivo,V7+,Gold,4.4,22099,22221,4.0,64.0,0.55,122,5524.75,345.3,0,0
vivo,Y69,Gold,4.3,11999,11999,3.0,32.0,0.0,0,3999.67,374.97,0,0
vivo,Y95,Nebula Purple,4.4,20000,20000,4.0,64.0,0.0,0,5000.0,312.5,0,0
vivo,Y83 Pro,Nebula Purple,4.4,14500,14500,4.0,64.0,0.0,0,3625.0,226.56,0,0
vivo,V11 Pro,Dazzling Gold,4.5,25990,25990,6.0,64.0,0.0,0,4331.67,406.09,0,0
vivo,Y83 Pro,Black,4.4,15900,15900,4.0,64.0,0.0,0,3975.0,248.44,0,0
vivo,Y71i,Gold,4.3,8990,8990,2.0,16.0,0.0,0,4495.0,561.88,0,1
vivo,Y71i,Matte Black,4.3,8990,8990,2.0,16.0,0.0,0,4495.0,561.88,0,1
vivo,V9,Pearl Black,4.5,18990,18990,4.0,64.0,0.0,0,4747.5,296.72,0,0
vivo,V9 Youth,Gold,4.4,17990,17990,4.0,32.0,0.0,0,4497.5,562.19,0,0
vivo,V7  ,Energetic Blue,4.4,15990,15990,4.0,32.0,0.0,0,3997.5,499.69,0,0
vivo,Y69,Matte Black,4.3,13990,13990,3.0,32.0,0.0,0,4663.33,437.19,0,0
Xiaomi,Y11T Pro,Celestial Magic,4.3,42999,42999,8.0,256.0,0.0,0,5374.88,167.96,1,0
Xiaomi,Y11T Pro,Meteorite Black,4.3,41996,41996,0.0,256.0,0.0,0,inf,164.05,1,0
Xiaomi,11i 5G,Stealth Black,4.3,24999,29999,6.0,128.0,16.67,5000,4166.5,195.3,0,0
Xiaomi,11i 5G,Stealth Black,4.3,28999,33999,8.0,128.0,14.71,5000,3624.88,226.55,0,0
Xiaomi,11i 5G,Purple Mist,4.3,24999,29999,6.0,128.0,16.67,5000,4166.5,195.3,0,0
Xiaomi,11i Hypercharge 5G,Purple Mist,4.2,26999,31999,6.0,128.0,15.63,5000,4499.83,210.93,0,0
Xiaomi,11i Hypercharge 5G,Stealth Black,4.2,26999,31999,6.0,128.0,15.63,5000,4499.83,210.93,0,0
Xiaomi,11i Hypercharge 5G,Pacific Pearl,4.3,28999,33999,8.0,128.0,14.71,5000,3624.88,226.55,0,0
Xiaomi,11i 5G,Pacific Pearl,4.3,24999,29999,6.0,128.0,16.67,5000,4166.5,195.3,0,0
Xiaomi,11i 5G,Purple Mist,4.3,28999,33999,8.0,128.0,14.71,5000,3624.88,226.55,0,0
Xiaomi,11i Hypercharge 5G,Camo Green,4.2,26999,31999,6.0,128.0,15.63,5000,4499.83,210.93,0,0
Xiaomi,Redmi Note 11T 5G,Matte Black,4.3,18979,18999,6.0,64.0,0.11,20,3163.17,296.55,0,0
Xiaomi,Redmi Note 11T 5G,Aquamarine Blue,4.3,21736,22999,8.0,128.0,5.49,1263,2717.0,169.81,0,0
Xiaomi,Redmi Note 11T 5G,Stardust White,4.2,19119,19119,6.0,129.0,0.0,0,3186.5,148.21,0,0
Xiaomi,Redmi Note 11T 5G,Matte Black,4.2,19100,19100,6.0,130.0,0.0,0,3183.33,146.92,0,0
Xiaomi,Redmi Note 11T 5G,Aquamarine Blue,4.2,18778,18990,6.0,128.0,1.12,212,3129.67,146.7,0,0
Xiaomi,Redmi Note 11T 5G,Stardust White,4.2,18187,18990,6.0,64.0,4.23,803,3031.17,284.17,0,0
Xiaomi,Redmi Note 11T 5G,Matte Black,4.3,22189,22189,8.0,128.0,0.0,0,2773.62,173.35,0,0
Xiaomi,Redmi Note 11T 5G,Stardust White,4.2,22163,22163,8.0,129.0,0.0,0,2770.38,171.81,0,0
Xiaomi,Note 10 lite,Glacier White,4.3,15998,15998,4.0,64.0,0.0,0,3999.5,249.97,0,0
Xiaomi,Note 10 lite,Glacier White,4.3,14990,14990,4.0,128.0,0.0,0,3747.5,117.11,0,0
Xiaomi,9A Sport,Metallic Blue,4.3,8599,8999,3.0,32.0,4.44,400,2866.33,268.72,0,1
Xiaomi,11 Lite NE,Diamond Dazzle,4.4,27999,27999,8.0,128.0,0.0,0,3499.88,218.74,0,0
Xiaomi,11 Lite NE,Jazz Blue,4.3,23990,23990,6.0,128.0,0.0,0,3998.33,187.42,0,0
Xiaomi,11 Lite NE,Vinyl Black,4.3,25990,25990,6.0,128.0,0.0,0,4331.67,203.05,0,0
Xiaomi,11 Lite NE,Jazz Blue,4.3,25684,25684,8.0,128.0,0.0,0,3210.5,200.66,0,0
Xiaomi,11 Lite NE,Diamond Dazzle,4.4,24798,24798,6.0,128.0,0.0,0,4133.0,193.73,0,0
Xiaomi,11 Lite NE,Tuscany Coral,4.4,28999,28999,6.0,128.0,0.0,0,4833.17,226.55,0,0
Xiaomi,9A Sport,Carbon Black,4.3,7798,7798,2.0,32.0,0.0,0,3899.0,243.69,0,1
Xiaomi,9A Sport,Coral Green,4.3,7798,7798,3.0,32.0,0.0,0,2599.33,243.69,0,1
Xiaomi,11 Lite NE,Tuscany Coral,4.4,23999,23999,8.0,128.0,0.0,0,2999.88,187.49,0,0
Xiaomi,11 Lite NE,Jazz Blue,4.3,25999,25999,8.0,129.0,0.0,0,3249.88,201.54,0,0
Xiaomi,11 Lite NE,Vinyl Black,4.3,25999,25999,8.0,130.0,0.0,0,3249.88,199.99,0,0
Infinix,Hot 10 Play,Aegean Blue,4.3,8299,9999,3.0,32.0,17.0,1700,2766.33,259.34,0,1
Infinix,Hot 10 Play,Purple  ,4.3,8299,9999,3.0,32.0,17.0,1700,2766.33,259.34,0,1
Infinix,Hot 10 Play,Morandi Green,4.3,8299,9999,3.0,32.0,17.0,1700,2766.33,259.34,0,1
Infinix,Hot 11S,Polar Black,4.3,10999,13999,4.0,64.0,21.43,3000,2749.75,171.86,0,0
Infinix,Hot 11S,Green Wave,4.3,10999,13999,4.0,64.0,21.43,3000,2749.75,171.86,0,0
Infinix,Hot 11,Silver Wave,4.4,9999,11999,4.0,64.0,16.67,2000,2499.75,156.23,0,1
Infinix,Hot 11,Emerald Green,4.4,9999,11999,4.0,64.0,16.67,2000,2499.75,156.23,0,1
Infinix,Hot 10S,Morandi Green,4.3,10999,13999,6.0,64.0,21.43,3000,1833.17,171.86,0,0
Infinix,Hot 11S,Purple  ,4.3,10999,13999,4.0,64.0,21.43,3000,2749.75,171.86,0,0
Infinix,Smart 5,Morandi Green,4.3,7499,8999,2.0,32.0,16.67,1500,3749.5,234.34,0,1
Infinix,Smart 6,Obsidian Black,4.3,7499,8999,2.0,32.0,16.67,1500,3749.5,234.34,0,1
Infinix,Smart 7,Purple,4.3,7499,8999,2.0,32.0,16.67,1500,3749.5,234.34,0,1
Infinix,Smart 8,Aegean Blue,4.3,7499,8999,2.0,32.0,16.67,1500,3749.5,234.34,0,1
Infinix,Note 11 ,Graphite Black,4.5,14499,16999,6.0,128.0,14.71,2500,2416.5,113.27,0,0
Infinix,Smart 5A,Quetzal Cyan,4.4,7199,7999,2.0,32.0,10.0,800,3599.5,224.97,0,1
Infinix,Smart 5A,Midnight Black,4.4,7199,7999,2.0,32.0,10.0,800,3599.5,224.97,0,1
Infinix,Smart 5A,Ocean Wave,4.4,7199,7999,2.0,32.0,10.0,800,3599.5,224.97,0,1
Infinix,Smart HD 2021,Quartz Green,4.3,7990,7990,2.0,32.0,0.0,0,3995.0,249.69,0,1
Infinix,Hot 11S,Polar Black,4.3,11999,14999,4.0,128.0,20.0,3000,2999.75,93.74,0,0
Infinix,Hot 11S,Green Wave,4.3,11999,14999,4.0,128.0,20.0,3000,2999.75,93.74,0,0
Infinix,Hot 11S,Silver Wave,4.3,11999,14999,4.0,128.0,20.0,3000,2999.75,93.74,0,0
Infinix,Hot 10S,Morandi Green,4.3,9999,12999,4.0,64.0,23.08,3000,2499.75,156.23,0,1
Infinix,Note 11 ,Celestial Snow,4.3,12499,14999,4.0,64.0,16.67,2500,3124.75,195.3,0,0
Infinix,Note 11 ,Celestial Snow,4.5,14499,16999,6.0,128.0,14.71,2500,2416.5,113.27,0,0
Infinix,Note 11S,Symphony Cyan,4.3,13999,16999,6.0,64.0,17.65,3000,2333.17,218.73,0,0
Infinix,Note 11S,Haze Green,4.3,13999,16999,6.0,64.0,17.65,3000,2333.17,218.73,0,0
Infinix,Note 11,Glacier Green,4.5,14999,16999,6.0,128.0,11.77,2000,2499.83,117.18,0,0
Infinix,Note 10 Pro,Black,4.2,16999,19999,8.0,256.0,15.0,3000,2124.88,66.4,0,0
Infinix,Note 11S Free Fire Edition,Haze Green,4.3,15999,18999,8.0,128.0,15.79,3000,1999.88,124.99,0,0
Infinix,Note 11,Glacier Green,4.3,12499,14999,4.0,64.0,16.67,2500,3124.75,195.3,0,0
Infinix,Note 11S,Mithril Grey,4.3,13999,16999,6.0,64.0,17.65,3000,2333.17,218.73,0,0
Infinix,Note 11 ,Graphite Black,4.3,12499,14999,4.0,64.0,16.67,2500,3124.75,195.3,0,0
Infinix,Note 11S Free Fire Edition,Symphony Cyan,4.3,15999,18999,8.0,128.0,15.79,3000,1999.88,124.99,0,0
Infinix,Note 10 Pro,Nordic Secret,4.2,16999,19999,8.0,256.0,15.0,3000,2124.88,66.4,0,0
Infinix,Note 11S Free Fire Edition,Mithril Grey,4.3,15999,18999,8.0,128.0,15.79,3000,1999.88,124.99,0,0
Infinix,Smart 4,Quetzal Cyan,4.4,8999,8999,2.0,32.0,0.0,0,4499.5,281.22,0,1
Infinix,Note 5,Milan Black,4.2,10999,10999,3.0,32.0,0.0,0,3666.33,343.72,0,0
Infinix,Smart 2,Sandstone Black,4.1,6999,6999,2.0,16.0,0.0,0,3499.5,437.44,0,1
Infinix,Smart 2,Sandstone Black,4.1,7946,7999,3.0,32.0,0.66,53,2648.67,248.31,0,1
Infinix,Hot 6 Pro,Sandstone Black,4.3,8999,8999,3.0,32.0,0.0,0,2999.67,281.22,0,1
Infinix,Note 5,Ice Blue,4.2,12999,12999,4.0,64.0,0.0,0,3249.75,203.11,0,0
Infinix,Hot 8,Cosmic Purple,4.5,9999,9999,4.0,64.0,0.0,0,2499.75,156.23,0,1
Infinix,Smart 3 Plus,Sapphire Cyan,4.2,7999,7999,2.0,32.0,0.0,0,3999.5,249.97,0,1
Infinix,Note 5 Stylus,Bordeaux Red ,3.9,16999,16999,4.0,64.0,0.0,0,4249.75,265.61,0,0
Infinix,S5 Pro,Sea Blue,4.4,12999,12999,4.0,64.0,0.0,0,3249.75,203.11,0,0
Infinix,S4,Nebula Blue,4.2,9999,9999,3.0,32.0,0.0,0,3333.0,312.47,0,1
Infinix,Hot 8,Quetzal Cyan,4.5,9999,9999,4.0,64.0,0.0,0,2499.75,156.23,0,1
Infinix,Hot 10 Play,Purple  ,4.3,9299,10999,4.0,64.0,15.46,1700,2324.75,145.3,0,1
Infinix,Hot 10S,Heart of Ocean,4.3,10999,13999,6.0,64.0,21.43,3000,1833.17,171.86,0,0
Infinix,Hot 11,Emerald Green,4.4,9999,11999,4.0,64.0,16.67,2000,2499.75,156.23,0,1
Infinix,Hot 11S,Silver Wave,4.3,10999,13999,4.0,64.0,21.43,3000,2749.75,171.86,0,0
Infinix,Hot 10S,Heart of Ocean,4.3,9999,12999,4.0,64.0,23.08,3000,2499.75,156.23,0,1
Infinix,Smart 5,Obsidian Black,4.3,7499,8999,2.0,32.0,16.67,1500,3749.5,234.34,0,1
Infinix,Smart 5,Purple,4.3,7499,8999,2.0,32.0,16.67,1500,3749.5,234.34,0,1
Infinix,Smart 5,Aegean Blue,4.3,7499,8999,2.0,32.0,16.67,1500,3749.5,234.34,0,1
Infinix,Note 7,Forest Green,4.3,14999,14999,4.0,64.0,0.0,0,3749.75,234.36,0,0
Infinix,Zero 8i,Silver Diamond,4.2,18999,18999,8.0,128.0,0.0,0,2374.88,148.43,0,0
Infinix,S5 Pro,Forest Green,4.4,12999,12999,4.0,64.0,0.0,0,3249.75,203.11,0,0
Infinix,S5 Pro,Violet,4.4,12999,12999,4.0,64.0,0.0,0,3249.75,203.11,0,0
Infinix,Hot 10 Play,Obsidian Black,4.3,8299,9999,3.0,32.0,17.0,1700,2766.33,259.34,0,1
Infinix,Hot 10 Play,Aegean Blue,4.3,9299,10999,4.0,64.0,15.46,1700,2324.75,145.3,0,1
Infinix,Hot 10 Play,Morandi Green,4.3,9299,10999,4.0,64.0,15.46,1700,2324.75,145.3,0,1
Infinix,Hot 10 Play,Obsidian Black,4.3,9299,10999,4.0,64.0,15.46,1700,2324.75,145.3,0,1
Infinix,Hot 11,Purple,4.4,9999,11999,4.0,64.0,16.67,2000,2499.75,156.23,0,1
Infinix,Hot 11,Polar Black,4.4,9999,11999,4.0,64.0,16.67,2000,2499.75,156.23,0,1
Infinix,Hot 10S,Purple,4.3,10999,13999,6.0,64.0,21.43,3000,1833.17,171.86,0,0
Infinix,Hot 10S,Black,4.3,10999,13999,6.0,64.0,21.43,3000,1833.17,171.86,0,0
Infinix,Hot 10S,Black,4.3,9999,12999,4.0,64.0,23.08,3000,2499.75,156.23,0,1
Infinix,Smart HD 2021,Topaz Blue,4.3,7990,7990,2.0,32.0,0.0,0,3995.0,249.69,0,1
Infinix,Hot 10S,Purple,4.3,9999,12999,4.0,64.0,23.08,3000,2499.75,156.23,0,1
Infinix,Note 10 Pro,Purple,4.2,16999,19999,8.0,256.0,15.0,3000,2124.88,66.4,0,0
Infinix,Hot 10,Obsidian Black,4.4,11999,11999,4.0,64.0,0.0,0,2999.75,187.48,0,0
Infinix,Hot 10,Ocean Wave,4.4,11999,11999,4.0,64.0,0.0,0,2999.75,187.48,0,0
Infinix,Hot 10,Moonlight Jade,4.4,11999,11999,4.0,64.0,0.0,0,2999.75,187.48,0,0
Infinix,Hot 10,Amber Red,4.4,11999,11999,4.0,64.0,0.0,0,2999.75,187.48,0,0
Infinix,Smart 4 Plus,Ocean Wave,4.4,9999,9999,3.0,32.0,0.0,0,3333.0,312.47,0,1
Infinix,Smart 4 Plus,Quetzal Cyan,4.4,9999,9999,3.0,32.0,0.0,0,3333.0,312.47,0,1
Infinix,Smart 4 Plus,Violet,4.4,9999,9999,3.0,32.0,0.0,0,3333.0,312.47,0,1
Infinix,Hot 10,Ocean Wave,4.3,13999,13999,6.0,128.0,0.0,0,2333.17,109.37,0,0
Infinix,Note 10,Emerald Green,4.2,10999,13999,4.0,64.0,21.43,3000,2749.75,171.86,0,0
Infinix,Hot 9,Violet,4.4,11999,11999,4.0,64.0,0.0,0,2999.75,187.48,0,0
Infinix,Hot 10,Obsidian Black,4.3,13999,13999,6.0,128.0,0.0,0,2333.17,109.37,0,0
Infinix,Hot 10,Moonlight Jade,4.3,13999,13999,6.0,128.0,0.0,0,2333.17,109.37,0,0
Infinix,Smart 4 Plus,Midnight Black,4.4,9999,9999,3.0,32.0,0.0,0,3333.0,312.47,0,1
Infinix,Hot 9,Quetzal Cyan,4.4,11999,11999,4.0,64.0,0.0,0,2999.75,187.48,0,0
Infinix,Note 10,Black,4.2,10999,13999,4.0,64.0,21.43,3000,2749.75,171.86,0,0
Infinix,Note 10,Purple,4.2,10999,13999,4.0,64.0,21.43,3000,2749.75,171.86,0,0
Infinix,Smart 4,Ocean Wave,4.4,8999,8999,2.0,32.0,0.0,0,4499.5,281.22,0,1
Infinix,Smart 4,Midnight Black,4.4,8999,8999,2.0,32.0,0.0,0,4499.5,281.22,0,1
Infinix,Note 7,Aether Black,4.3,14999,14999,4.0,64.0,0.0,0,3749.75,234.36,0,0
Infinix,Smart 4,Violet,4.4,8999,8999,2.0,32.0,0.0,0,4499.5,281.22,0,1
Infinix,Hot 9 Pro,Violet,4.4,12999,12999,4.0,64.0,0.0,0,3249.75,203.11,0,0
Infinix,Note 10,Emerald Green,4.2,12499,14999,6.0,128.0,16.67,2500,2083.17,97.65,0,0
Infinix,Note 10,Purple,4.2,12499,14999,6.0,128.0,16.67,2500,2083.17,97.65,0,0
Infinix,Note 10,Black,4.2,12499,14999,6.0,128.0,16.67,2500,2083.17,97.65,0,0
Infinix,Hot 9 Pro,Quetzal Cyan,4.4,12999,12999,4.0,64.0,0.0,0,3249.75,203.11,0,0
Infinix,Hot 9,Ocean Wave,4.4,11999,11999,4.0,64.0,0.0,0,2999.75,187.48,0,0
Infinix,Hot S3X,Milan Black,4.2,10999,10999,3.0,32.0,0.0,0,3666.33,343.72,0,0
Infinix,Hot S3X,Tradew Grey,4.2,10999,10999,3.0,32.0,0.0,0,3666.33,343.72,0,0
Infinix,Hot S3X,Aqua Blue,4.2,10999,10999,3.0,32.0,0.0,0,3666.33,343.72,0,0
Infinix,Smart 3 Plus,Mocha Brown,4.2,7999,7999,2.0,32.0,0.0,0,3999.5,249.97,0,1
Infinix,Note 4,Ice Blue,4.2,8999,8999,3.0,32.0,0.0,0,2999.67,281.22,0,1
Infinix,Hot 6 Pro,City Blue,4.3,8999,8999,3.0,32.0,0.0,0,2999.67,281.22,0,1
Infinix,Smart 2,City Blue,4.1,7946,7999,3.0,32.0,0.66,53,2648.67,248.31,0,1
Infinix,Smart 2,Bordeaux Red ,4.1,7946,7999,3.0,32.0,0.66,53,2648.67,248.31,0,1
Infinix,Smart 2,Serene Gold,4.1,7946,7999,3.0,32.0,0.66,53,2648.67,248.31,0,1
Infinix,Hot S3,Blush Gold,4.1,11999,11999,4.0,64.0,0.0,0,2999.75,187.48,0,0
Infinix,S5 Lite,Violet,4.3,9999,9999,4.0,64.0,0.0,0,2499.75,156.23,0,1
Infinix,Hot 6 Pro,Magic Gold,4.3,8999,8999,3.0,32.0,0.0,0,2999.67,281.22,0,1
Infinix,Hot 6 Pro,Bordeaux Red ,4.3,8999,8999,3.0,32.0,0.0,0,2999.67,281.22,0,1
Infinix,Hot 8,Shark Grey,4.5,9999,9999,4.0,64.0,0.0,0,2499.75,156.23,0,1
Infinix,Hot 4 Pro,Quartz Black,4.0,7499,7499,3.0,16.0,0.0,0,2499.67,468.69,0,1
Infinix,Hot 4 Pro,Magic Gold,4.0,7499,7499,3.0,16.0,0.0,0,2499.67,468.69,0,1
Infinix,S5 Lite,Quetzal Cyan,4.3,9999,9999,4.0,64.0,0.0,0,2499.75,156.23,0,1
Infinix,S5 Lite,Midnight Black,4.3,9999,9999,4.0,64.0,0.0,0,2499.75,156.23,0,1
Infinix,Note 5,Milan Black,4.2,12999,12999,4.0,64.0,0.0,0,3249.75,203.11,0,0
Infinix,Hot S3,Topaz Blue,4.1,11999,11999,4.0,64.0,0.0,0,2999.75,187.48,0,0
Infinix,Hot S3,Bordeaux Red ,4.2,9999,9999,3.0,32.0,0.0,0,3333.0,312.47,0,1
Infinix,Hot 4 Pro,Bordeaux Red ,4.0,7499,7499,3.0,16.0,0.0,0,2499.67,468.69,0,1
Infinix,S5 ,Violet,4.3,10999,10999,4.0,64.0,0.0,0,2749.75,171.86,0,0
Infinix,Hot S3,Topaz Blue,4.2,9999,9999,3.0,32.0,0.0,0,3333.0,312.47,0,1
Infinix,Hot S3,Blush Gold,4.2,9999,9999,3.0,32.0,0.0,0,3333.0,312.47,0,1
Infinix,Smart 2,Bordeaux Red ,4.1,6999,6999,2.0,16.0,0.0,0,3499.5,437.44,0,1
Infinix,Note 5 Stylus,Charcoal Blue,3.9,16999,16999,4.0,64.0,0.0,0,4249.75,265.61,0,0
Infinix,Smart 3 Plus,Midnight Black,4.2,7999,7999,2.0,32.0,0.0,0,3999.5,249.97,0,1
Infinix,Note 5,Ice Blue,4.2,10399,10399,3.0,32.0,0.0,0,3466.33,324.97,0,0
Infinix,Hot 9 Pro,Ocean Wave,4.4,12999,12999,4.0,64.0,0.0,0,3249.75,203.11,0,0
Infinix,S5 ,Quetzal Cyan,4.3,10999,10999,4.0,64.0,0.0,0,2749.75,171.86,0,0
Infinix,Hot S3,Sandstone Black,4.2,9999,9999,3.0,32.0,0.0,0,3333.0,312.47,0,1
Infinix,Hot 7,Aqua Blue,4.2,9999,9999,4.0,64.0,0.0,0,2499.75,156.23,0,1
Infinix,Smart 2,City Blue,4.1,6949,6999,2.0,16.0,0.71,50,3474.5,434.31,0,1
Infinix,Smart 2,Serene Gold,4.1,6949,6999,2.0,16.0,0.71,50,3474.5,434.31,0,1
Infinix,S4,Space Grey,4.2,9999,9999,3.0,32.0,0.0,0,3333.0,312.47,0,1
Infinix,Zero 8i,Black Diamond,4.2,18999,18999,8.0,128.0,0.0,0,2374.88,148.43,0,0
Infinix,Zero 5,Bordeaux Red ,4.3,17999,17999,6.0,64.0,0.0,0,2999.83,281.23,0,0
Infinix,Note 5,Berlin Gray,4.2,12999,12999,4.0,64.0,0.0,0,3249.75,203.11,0,0
Infinix,S4,Twilight Purple,4.3,10999,10999,4.0,64.0,0.0,0,2749.75,171.86,0,0
Infinix,S4,Nebula Blue,4.3,10999,10999,4.0,64.0,0.0,0,2749.75,171.86,0,0
Infinix,Note 4,Champagne Gold,4.2,8999,8999,3.0,32.0,0.0,0,2999.67,281.22,0,1
Infinix,Note 7,Bolivia Blue,4.3,14999,14999,4.0,64.0,0.0,0,3749.75,234.36,0,0
Infinix,Hot S3,Sandstone Black,4.1,11999,11999,4.0,64.0,0.0,0,2999.75,187.48,0,0
Infinix,Zero 5 Pro,Bronze Gold Black,4.3,19999,19999,6.0,128.0,0.0,0,3333.17,156.24,0,0
Infinix,Note 4,Milan Black,4.2,8999,8999,3.0,32.0,0.0,0,2999.67,281.22,0,1
Infinix,S4,Twilight Purple,4.2,9999,9999,3.0,32.0,0.0,0,3333.0,312.47,0,1
Infinix,Hot 7 Pro,Midnight Black,4.2,10999,10999,6.0,64.0,0.0,0,1833.17,171.86,0,0
Infinix,Hot 7 Pro,Aqua Blue,4.2,10999,10999,6.0,64.0,0.0,0,1833.17,171.86,0,0
Infinix,Hot 7 Pro,Mocha Brown,4.2,10999,10999,6.0,64.0,0.0,0,1833.17,171.86,0,0
Infinix,Hot 7,Mocha Brown,4.2,9999,9999,4.0,64.0,0.0,0,2499.75,156.23,0,1
Infinix,Zero 5,Sandstone Black,4.3,17999,17999,6.0,64.0,0.0,0,2999.83,281.23,0,0
Infinix,Zero 5,Champagne Gold,4.3,17999,17999,6.0,64.0,0.0,0,2999.83,281.23,0,0
Infinix,S4,Space Grey,4.3,10999,10999,4.0,64.0,0.0,0,2749.75,171.86,0,0
OPPO,Reno7 Pro 5G,Startrails Blue,4.2,39999,47990,12.0,256.0,16.65,7991,3333.25,156.25,1,0
Xiaomi,11i Hypercharge 5G,Camo Green,4.3,28999,33999,8.0,128.0,14.71,5000,3624.88,226.55,0,0
POCO,C31,Royal Blue,4.4,7999,10999,3.0,32.0,27.28,3000,2666.33,249.97,0,1
POCO,C31,Shadow Grey,4.4,7999,10999,3.0,32.0,27.28,3000,2666.33,249.97,0,1
POCO,C31,Royal Blue,4.4,8999,11999,4.0,64.0,25.0,3000,2249.75,140.61,0,1
POCO,C31,Shadow Grey,4.4,8999,11999,4.0,64.0,25.0,3000,2249.75,140.61,0,1
vivo,T1 5G,Rainbow Fantasy,0.0,19990,23990,8.0,128.0,16.67,4000,2498.75,156.17,0,0
vivo,T1 5G,Starlight Black,0.0,16990,20990,6.0,128.0,19.06,4000,2831.67,132.73,0,0
vivo,T1 5G,Starlight Black,0.0,19990,23990,8.0,128.0,16.67,4000,2498.75,156.17,0,0
vivo,T1 5G,Rainbow Fantasy,0.0,15990,19990,4.0,128.0,20.01,4000,3997.5,124.92,0,0
vivo,T1 5G,Starlight Black,0.0,15990,19990,4.0,128.0,20.01,4000,3997.5,124.92,0,0
vivo,T1 5G,Rainbow Fantasy,0.0,16990,20990,6.0,128.0,19.06,4000,2831.67,132.73,0,0
vivo,Y21A,Diamond Glow,4.1,14449,14449,4.0,64.0,0.0,0,3612.25,225.77,0,0
OPPO,Reno7 5G,Starry Black,0.0,28999,37990,8.0,256.0,23.67,8991,3624.88,113.28,0,0
OPPO,Reno7 5G,Startrails Blue,0.0,28999,37990,8.0,256.0,23.67,8991,3624.88,113.28,0,0
OPPO,A16k,Blue,4.1,10490,10490,3.0,32.0,0.0,0,3496.67,327.81,0,0
OPPO,A16k,White,4.1,10490,10490,3.0,32.0,0.0,0,3496.67,327.81,0,0
OPPO,A16k,Black,4.1,10490,10490,3.0,32.0,0.0,0,3496.67,327.81,0,0
OPPO,A16,Royal Gold,4.3,13490,13490,4.0,64.0,0.0,0,3372.5,210.78,0,0
OPPO,A55,Mint Green,4.1,17790,17790,6.0,128.0,0.0,0,2965.0,138.98,0,0
ASUS,ROG 5s,Storm White,0.0,49999,55999,8.0,128.0,10.71,6000,6249.88,390.62,1,0
ASUS,ROG 5s,Phantom Black,0.0,49999,55999,8.0,128.0,10.71,6000,6249.88,390.62,1,0
ASUS,ROG 5s,Storm White,0.0,57999,63999,12.0,256.0,9.38,6000,4833.25,226.56,1,0
ASUS,ROG 5s,Phantom Black,0.0,57999,63999,12.0,256.0,9.38,6000,4833.25,226.56,1,0
ASUS,ROG 5s Pro,Phantom Black,0.0,79999,85999,18.0,512.0,6.98,6000,4444.39,156.25,1,0
Apple,iPhone 13 ,Green,4.7,104900,109900,4.0,512.0,4.55,5000,26225.0,204.88,1,0
Apple,iPhone 13 Pro Max,Alpine Green,4.7,139900,139900,4.0,256.0,0.0,0,34975.0,546.48,1,0
Apple,iPhone 13 Pro Max,Alpine Green,4.7,169900,169900,4.0,1024.0,0.0,0,42475.0,165.92,1,0
Apple,iPhone 13 Pro Max,Alpine Green,4.7,159900,159900,4.0,512.0,0.0,0,39975.0,312.3,1,0
Apple,iPhone 13 Pro,Alpine Green,4.7,149900,149900,4.0,512.0,0.0,0,37475.0,292.77,1,0
Apple,iPhone 13 mini,Green,4.6,64900,69900,4.0,128.0,7.15,5000,16225.0,507.03,1,0
Apple,iPhone 13 Pro Max,Alpine Green,4.5,119900,119900,4.0,128.0,0.0,0,29975.0,936.72,1,0
Apple,iPhone 13 mini,Green,4.6,94900,99900,4.0,512.0,5.01,5000,23725.0,185.35,1,0
Apple,iPhone 13 Pro Max,Silver,4.7,179900,179900,4.0,1024.0,0.0,0,44975.0,175.68,1,0
Apple,iPhone 13 Pro Max,Sierra Blue,4.7,139900,139900,4.0,256.0,0.0,0,34975.0,546.48,1,0
Apple,iPhone 13 Pro Max,Gold,4.7,139900,139900,4.0,256.0,0.0,0,34975.0,546.48,1,0
Apple,iPhone 13 Pro Max,Silver,4.7,159900,159900,4.0,512.0,0.0,0,39975.0,312.3,1,0
Apple,iPhone 13 Pro Max,Graphite,4.7,159900,159900,4.0,512.0,0.0,0,39975.0,312.3,1,0
Apple,iPhone 13 Pro Max,Silver,4.7,129900,129900,4.0,128.0,0.0,0,32475.0,1014.84,1,0
Apple,iPhone 13 Pro Max,Gold,4.7,129900,129900,4.0,128.0,0.0,0,32475.0,1014.84,1,0
Apple,iPhone 13 Pro Max,Gold,4.7,179900,179900,4.0,1024.0,0.0,0,44975.0,175.68,1,0
Apple,iPhone 13 Pro Max,Graphite,4.7,129900,129900,4.0,128.0,0.0,0,32475.0,1014.84,1,0
Apple,iPhone 13 Pro Max,Graphite,4.7,139900,139900,4.0,256.0,0.0,0,34975.0,546.48,1,0
Apple,iPhone 13 Pro Max,Silver,4.7,139900,139900,4.0,256.0,0.0,0,34975.0,546.48,1,0
Apple,iPhone 13 Pro Max,Sierra Blue,4.7,159900,159900,4.0,512.0,0.0,0,39975.0,312.3,1,0
Apple,iPhone 13 Pro Max,Gold,4.7,159900,159900,4.0,512.0,0.0,0,39975.0,312.3,1,0
Apple,iPhone 13 Pro Max,Graphite,4.7,179900,179900,4.0,1024.0,0.0,0,44975.0,175.68,1,0
Apple,iPhone 13 Pro Max,Sierra Blue,4.7,179900,179900,4.0,1024.0,0.0,0,44975.0,175.68,1,0
vivo,Y75 5G,Starlight Black,4.3,21990,21990,8.0,128.0,0.0,0,2748.75,171.8,0,0
vivo,Y75 5G,Glowing Galaxy,4.3,22490,22490,8.0,128.0,0.0,0,2811.25,175.7,0,0
realme,9 5G,Meteor Black,4.8,17499,20999,6.0,128.0,16.67,3500,2916.5,136.71,0,0
realme,9 5G,Stargaze White,4.8,17499,20999,6.0,128.0,16.67,3500,2916.5,136.71,0,0
realme,9 5G,Meteor Black,4.5,14999,18999,4.0,64.0,21.05,4000,3749.75,234.36,0,0
realme,9 5G,Stargaze White,4.5,14999,18999,4.0,64.0,21.05,4000,3749.75,234.36,0,0
realme,9 Pro 5G,Aurora Green,4.4,17999,21999,6.0,128.0,18.18,4000,2999.83,140.62,0,0
realme,9 Pro 5G,Midnight Black,4.4,17999,21999,6.0,128.0,18.18,4000,2999.83,140.62,0,0
realme,9 Pro 5G,Sunrise Blue ,4.4,17999,21999,6.0,128.0,18.18,4000,2999.83,140.62,0,0
realme,9 Pro 5G,Aurora Green,4.4,20999,23999,8.0,128.0,12.5,3000,2624.88,164.05,0,0
realme,9 Pro+ 5G,Midnight Black,4.4,24999,27999,6.0,128.0,10.71,3000,4166.5,195.3,0,0
realme,9 Pro+ 5G,Aurora Green,4.4,28999,31999,8.0,256.0,9.38,3000,3624.88,113.28,0,0
realme,9 Pro+ 5G,Aurora Green,4.4,24999,27999,6.0,128.0,10.71,3000,4166.5,195.3,0,0
realme,9 Pro+ 5G,Midnight Black,4.4,26999,29999,8.0,128.0,10.0,3000,3374.88,210.93,0,0
realme,9 Pro 5G,Midnight Black,4.4,20999,23999,8.0,128.0,12.5,3000,2624.88,164.05,0,0
realme,9 5G SE,Azure Glow,4.5,22999,26999,8.0,128.0,14.82,4000,2874.88,179.68,0,0
realme,9 5G SE,Starry Glow,4.5,19999,24999,6.0,128.0,20.0,5000,3333.17,156.24,0,0
realme,9 5G SE,Azure Glow,4.5,19999,24999,6.0,128.0,20.0,5000,3333.17,156.24,0,0
realme,9 5G SE,Starry Glow,4.5,22999,26999,8.0,128.0,14.82,4000,2874.88,179.68,0,0
realme,9 Pro+ 5G,Midnight Black,4.4,28999,31999,8.0,256.0,9.38,3000,3624.88,113.28,0,0
realme,9 Pro+ 5G,Aurora Green,4.4,26999,29999,8.0,128.0,10.0,3000,3374.88,210.93,0,0
realme,C35,Glowing Green,4.5,12999,14999,4.0,128.0,13.33,2000,3249.75,101.55,0,0
realme,C35,Glowing Green,4.5,11999,13999,4.0,64.0,14.29,2000,2999.75,187.48,0,0
realme,C35,Glowing Black,4.5,12999,14999,4.0,128.0,13.33,2000,3249.75,101.55,0,0
POCO,M4 Pro,Power Black,4.4,14999,17999,6.0,64.0,16.67,3000,2499.83,234.36,0,0
POCO,M4 Pro,Cool Blue,4.4,14999,17999,6.0,64.0,16.67,3000,2499.83,234.36,0,0
POCO,M4 Pro,Cool Blue,4.4,16499,19999,6.0,128.0,17.5,3500,2749.83,128.9,0,0
POCO,M4 Pro,Power Black,4.4,17999,21999,8.0,128.0,18.18,4000,2249.88,140.62,0,0
POCO,M4 Pro,Cool Blue,4.4,17999,21999,8.0,128.0,18.18,4000,2249.88,140.62,0,0
POCO,M4 Pro,Power Black,4.4,16499,19999,6.0,128.0,17.5,3500,2749.83,128.9,0,0
POCO,M4 Pro 5G,Cool Blue,4.5,14999,16999,4.0,64.0,11.77,2000,3749.75,234.36,0,0
POCO,M4 Pro 5G,Power Black,4.4,18999,21999,8.0,128.0,13.64,3000,2374.88,148.43,0,0
POCO,M4 Pro 5G,Yellow,4.4,16999,19999,6.0,128.0,15.0,3000,2833.17,132.8,0,0
POCO,M4 Pro 5G,Cool Blue,4.4,16999,19999,6.0,128.0,15.0,3000,2833.17,132.8,0,0
POCO,M4 Pro 5G,Yellow,4.5,14999,16999,4.0,64.0,11.77,2000,3749.75,234.36,0,0
POCO,M4 Pro 5G,Cool Blue,4.4,18999,21999,8.0,128.0,13.64,3000,2374.88,148.43,0,0
POCO,M4 Pro 5G,Power Black,4.5,14999,16999,4.0,64.0,11.77,2000,3749.75,234.36,0,0
POCO,M4 Pro 5G,Yellow,4.4,18999,21999,8.0,128.0,13.64,3000,2374.88,148.43,0,0
POCO,M4 Pro 5G,Power Black,4.4,16999,19999,6.0,128.0,15.0,3000,2833.17,132.8,0,0
SAMSUNG,Galaxy S21 SE 5G,Graphite,4.3,54990,54990,8.0,128.0,0.0,0,6873.75,429.61,1,0
SAMSUNG,Galaxy F23 5G,Aqua Blue,4.0,15999,22999,4.0,128.0,30.44,7000,3999.75,124.99,0,0
SAMSUNG,Galaxy S21 SE 5G,Lavender  ,4.3,59990,59990,8.0,128.0,0.0,0,7498.75,468.67,1,0
SAMSUNG,Galaxy F23 5G,Forest Green,4.0,16999,23999,6.0,128.0,29.17,7000,2833.17,132.8,0,0
SAMSUNG,Galaxy F23 5G,Aqua Blue,4.0,16999,23999,6.0,128.0,29.17,7000,2833.17,132.8,0,0
SAMSUNG,Galaxy F23 5G,Forest Green,4.0,15999,22999,4.0,128.0,30.44,7000,3999.75,124.99,0,0
SAMSUNG,Galaxy A03 Core,Blue,4.0,7999,10499,2.0,32.0,23.81,2500,3999.5,249.97,0,1
SAMSUNG,Galaxy A03 Core,Black,4.0,7999,10499,2.0,32.0,23.81,2500,3999.5,249.97,0,1
SAMSUNG,Galaxy A32 ,Awesome Blue,4.4,22910,23900,8.0,128.0,4.14,990,2863.75,178.98,0,0
SAMSUNG,Galaxy A32 ,Awesome Black,4.4,22930,26990,8.0,128.0,15.04,4060,2866.25,179.14,0,0
SAMSUNG,M52 5G,Blazing Black,4.3,27839,31889,8.0,128.0,12.7,4050,3479.88,217.49,0,0
SAMSUNG,M52 5G,Blazing Black,4.3,25990,25990,6.0,128.0,0.0,0,4331.67,203.05,0,0
SAMSUNG,M52 5G,Icy Blue,4.3,25489,28449,6.0,128.0,10.4,2960,4248.17,199.13,0,0
SAMSUNG,M52 5G,Icy Blue,4.3,27239,31489,8.0,128.0,13.5,4250,3404.88,212.8,0,0
SAMSUNG,M52 5G,Slate Black,4.2,22989,22989,8.0,128.0,0.0,0,2873.62,179.6,0,0
SAMSUNG,M52 5G,Sky Blue,4.2,20350,22595,8.0,128.0,9.94,2245,2543.75,158.98,0,0
